name,age,street,city,state,zip,lng,lat
Susan Garrett,53,8518 Matthew Squares,Garychester,New Mexico,61169,-20.443043,17.3734075
Stephen Phillips,43,6082 Rebecca Circle Apt. 817,New Paul,West Virginia,35079,25.189010,-59.902909
James Brown,33,588 Porter Station,West Tanyaport,Vermont,04341,179.559820,1.433572
Zachary Alvarado,78,02313 Thornton Courts Suite 561,East Michelle,Missouri,15958,68.193603,10.136200
Candace Taylor,55,87352 Anthony Mission,West Daniel,Rhode Island,28935,-1.273290,-47.5270925
Tara Barnes,42,9484 Tapia Groves,Johnstad,Ohio,31385,114.124979,-78.4075845
Michelle Oliver,21,45142 Sanders Shoals Apt. 182,Jenkinsfurt,Nevada,73109,-29.926604,3.337287
Benjamin Boyd,75,030 Olson Orchard,North Marissa,Rhode Island,31879,-33.383357,-41.369575
Brandon Thompson,30,76272 Mitchell Garden,Lake Nancyhaven,Alabama,08850,-52.672610,-34.1061955
Jeffrey Brown,73,5426 Steven Walk,North Frankland,Idaho,15129,-151.504580,80.1334895
Lisa Garcia,70,73488 Holt Plaza,North Jenniferville,Tennessee,69475,-16.507914,-48.745143
Dominique Jones,32,7269 Kathryn Plaza,South Stephaniechester,Maine,56293,57.054112,-63.030109
Tammy Burns,80,0835 Joanna Ridge Apt. 796,Lynchview,Indiana,91181,-97.033714,-4.4750295
Amber Powers,47,39957 Mary Rue Apt. 021,Port Lawrencefurt,Oregon,11095,-88.768983,-14.0564825
Paul Hayes,49,298 Shelly Valleys,Daymouth,Ohio,14398,-145.782053,-85.1283825
David Cole,38,002 Claudia Land,West Margaretburgh,Massachusetts,84046,52.130636,76.6128535
Joshua Kennedy,27,4915 Massey Mission,Friedmanview,Arkansas,81376,102.356510,22.8073345
Gina Carpenter,77,024 Kevin Views,Amandamouth,Idaho,28101,131.123290,24.7704425
Randy Garcia,56,43875 Hall Mount Suite 255,Christopherfort,Louisiana,30551,-80.218498,-74.928476
Kevin Weiss,31,424 Anthony Union Suite 600,Port Scottport,Iowa,95841,-23.262695,13.096312
Charlotte Romero,53,3076 William Freeway,Lake Lindaview,New Jersey,81256,3.150410,-59.5576405
Linda Carroll,34,67182 Long Spring,North Williamview,Oregon,84570,38.022692,87.0001675
Aaron Perry,43,5302 Hunt Mills Apt. 201,East Tiffanyhaven,Montana,73555,-118.151712,-9.0719275
Juan Gomez,35,01362 Warren Neck,South Linda,Oklahoma,36858,-108.674461,29.9566535
Stephanie Farmer,28,1522 Edwards Key,Campbellfurt,California,57775,-166.709820,-44.831230
James Smith,61,800 Moody Road,Stephanieside,Ohio,59752,55.747027,-89.2712945
Mr. Joshua Hoffman,71,4222 Lopez Walk,Diazview,Louisiana,03699,-94.155060,-53.894486
Ann Graham,73,8392 Gonzalez Mountain,Estradaland,Hawaii,15050,-61.442456,73.223502
Adam Shaw,69,717 Paul Squares Apt. 373,Port James,North Carolina,83142,-102.822996,-59.1914595
Andrea Moore,73,5850 Ray Gateway Apt. 172,Priceville,Ohio,57454,73.588272,-54.605306
Sara Trevino,78,11002 Courtney Lodge Suite 110,West Christianmouth,Utah,66334,150.838631,-66.6347895
Mark Hunter,47,4001 Rebecca Islands,Thomasbury,Alabama,44820,-93.286745,-5.849233
Logan Robertson,60,01371 David Mountain Apt. 280,East Jennachester,Florida,93165,25.310642,-59.0746785
Michael Olson,46,905 Crawford Throughway,Myersstad,Montana,60270,93.216151,-7.674305
Jared Carter,26,609 Cook Extension Apt. 901,South Christianside,Pennsylvania,56047,50.534798,83.589867
Maureen Bolton,45,084 Gina Dam,Greenstad,California,85891,58.495732,15.215235
Mary Cruz,22,45646 Stacey Locks Suite 226,Pamelaburgh,Iowa,83732,-61.039567,85.121189
Richard Hester,26,897 Jackson Common Suite 541,East Daniel,Louisiana,24670,-64.507247,-48.863955
Jessica Hernandez,75,5397 Stout Summit,Joseborough,Georgia,32616,-125.164121,2.155658
Christopher Young,19,3932 Megan Well,Lake Catherine,Maryland,27172,-33.817096,-40.923315
Alexis Randolph,24,646 Robin Viaduct,New Kelsey,New Jersey,55229,34.335168,-19.565750
Heather Henderson,60,922 Anna Coves,New Matthew,New York,41776,145.683131,34.8297685
Bradley Phillips,39,48832 Rodney Turnpike,Jamieland,Missouri,10959,-47.714784,-10.8398995
Kenneth Ruiz,78,61408 Lane Tunnel,East Brendabury,Montana,39550,103.728192,37.8165235
Jenna Molina,37,862 Stephanie Cliffs Apt. 786,Sonyaland,New Jersey,45590,48.675470,83.638717
Barbara Webster,56,37217 Terrance Glens,East Donald,California,49660,30.390391,-57.237984
Jeffrey Trevino,78,2621 David Stravenue Apt. 503,East Lorraine,Ohio,57418,-5.274171,-34.614362
Kevin Wilson,41,7524 Kenneth Gateway,Lanceton,Massachusetts,79664,-7.383891,-17.4933985
Madison Taylor,20,17775 Dorothy Trail Apt. 952,Port Traciebury,Louisiana,13941,63.725807,-17.1950715
Valerie Moore,23,40045 Andrew Ramp,Alexanderborough,South Carolina,74360,38.178845,-81.0596615
Gary Moss,70,379 Suarez Ferry,Cruzfurt,New Mexico,52184,157.265740,6.3698185
Joseph Sullivan,62,469 Rasmussen Fords,South Josefort,Arkansas,90711,155.035697,0.1896555
Jeffrey Johnson,71,2396 Walter Loaf Suite 925,West Royfurt,Iowa,79059,31.058481,-53.191501
Deanna Sharp,79,3696 Ruth Estates,New Robert,New York,34128,-96.812390,7.166264
Benjamin Herrera,75,73745 Mendez Mill Apt. 566,West Jack,Kansas,04369,-149.095383,76.280590
Todd Miller,26,53087 Steven Union Suite 934,East Arthur,Georgia,34044,-130.303272,-0.3304185
Regina Williams,31,5612 Fields Field,Michaelbury,New Mexico,53551,-34.483918,61.767352
Michael Chapman,66,1010 Sabrina Unions Apt. 539,Mccarthystad,Hawaii,04449,97.609508,-67.3477925
Daniel Smith,54,121 Kramer Lakes Apt. 883,East Andreaberg,Hawaii,81979,-52.737416,23.410955
David Boone,47,19048 Nicholas Lane,Careyfort,Wisconsin,95788,-95.435759,63.2287325
John Bonilla,28,24048 Tiffany Loop Suite 067,West Melissa,Texas,95948,-26.481919,-35.760524
Andrea Smith,79,896 Miller Prairie,Lake Darlene,Wyoming,21771,100.989922,72.800381
Rachel Hicks,73,0252 Judith Highway Apt. 345,New Eric,New Jersey,02620,-83.597427,-70.925593
Lauren Scott,78,59069 Anderson Summit Suite 774,New Travistown,Maine,25294,117.908745,-86.539386
Alicia Smith,36,8300 Kelly Drive Apt. 135,Wongfort,Colorado,62556,-3.462345,49.405489
David Nelson,44,789 Maldonado Summit,Port Andrewmouth,North Dakota,77833,-15.486937,-55.016988
John Schultz,63,897 Brown Creek Apt. 009,Port Markfort,Connecticut,98168,-89.869080,-15.359815
Nicholas Boone,55,848 Duncan Lights Suite 602,Krystalburgh,Massachusetts,61585,33.170409,-64.834036
Keith Schroeder,61,22155 Calderon Row Suite 751,New Joseville,Florida,62629,-76.007508,-9.0065305
Bianca Heath,64,942 Olson Mission,Michaelville,Arkansas,53057,-83.911787,84.4119075
Kevin Beck,19,784 Schaefer Point Apt. 943,Hillfort,Wyoming,87656,32.146941,-6.2322245
David Harris,52,0988 Jeremy Freeway,Grantmouth,Idaho,88009,-103.231270,9.8858895
Paula Russell,45,07151 Jessica Ways,West Roy,Indiana,22508,85.875515,-74.385417
Audrey Hayes,55,6679 Bishop Drives,Michaelmouth,Arizona,59497,-45.134887,-69.4221445
Curtis Anderson,78,64643 Norris Drive Apt. 484,East Deborah,Iowa,10113,63.239954,-26.9382045
Donald Johnson,21,00327 Bright Highway,Frankchester,Nevada,96846,71.416155,72.681721
Amanda Griffin DDS,72,3647 Laura Forest,Jenniferburgh,Tennessee,89676,31.855692,44.1666105
Carolyn Jones,20,35994 Mario Ramp Apt. 190,Lake Michaelland,Idaho,87249,96.007475,33.297792
Aaron Stephens,38,295 Robinson Lane Suite 274,Lake Mary,West Virginia,60921,-166.556506,56.0718345
Jennifer Stout,44,95826 Gonzalez Way,East Angela,Maryland,65601,125.056505,54.5794715
Robin Booth,63,88313 Wilson Lock Apt. 232,New Jeremyfurt,New Mexico,90169,-129.437915,54.869065
Anthony Cox,46,13603 Carter Manors Suite 034,Port Angel,Rhode Island,94027,66.601615,-30.046585
Victor Gonzalez,69,8260 Lindsay Shoals,East Curtis,Delaware,12910,87.794949,45.2481565
Richard Walker,44,4886 Clarke Vista Suite 525,Hoganville,Florida,06488,-141.248202,-66.844197
Thomas Norman,19,53062 Vincent Bypass Apt. 785,Pachecoshire,Maine,06653,70.053281,-59.706321
Penny Brennan,58,88147 Brown Keys,North Michelleberg,Washington,94453,-70.508199,59.636597
Hailey Robinson,50,90125 Jordan Gateway Suite 436,Hayesmouth,Wisconsin,23409,-36.552603,-24.976091
James Cameron,20,1888 Sarah Key,North Timothy,Michigan,90567,-119.041778,-72.3457735
Gene Wilson,37,138 Ayers Drive Suite 537,Bryanberg,Indiana,69128,-106.376332,26.5674245
Dan Fleming,65,491 Horton Vista,New Rebeccafort,Georgia,57535,97.631609,-80.137995
Johnny Johnson,75,1595 Bryce Squares,Reesefurt,Montana,46228,1.936564,54.447876
Jack Miller,24,294 Fuller Lights Apt. 820,South Hannah,Arkansas,20643,104.179619,37.324561
Nathan Thompson,52,229 Andrew Mall,Chambersstad,Alaska,37708,149.285817,9.6160545
Timothy Green,24,6116 Joseph Ferry Apt. 010,New Robert,New Jersey,78668,-77.579999,-21.013594
Tiffany Bullock,20,1171 Edward Island Suite 725,Lake James,Nebraska,13736,-111.918607,78.361764
Christina Howard,49,9482 Weaver Light,Martinfort,West Virginia,43540,-130.005459,-24.993602
Ronald Scott,27,37333 Tony Camp,Josetown,Idaho,24256,-43.948045,82.2021455
Dr. Sherri Moody,52,42128 Lewis Vista,Joyhaven,Delaware,91476,-33.741792,66.659917
Matthew Lloyd,79,81292 Kayla Stream,Caldwellstad,Maine,99892,18.345612,-83.8532505
Denise Johnston,62,51303 Christopher Forest Apt. 702,Lake Autumnberg,Pennsylvania,70938,121.509804,11.0624695
David Parker,19,29630 Johnson Expressway,North Anthony,Maine,39242,154.256405,72.1291995
Wendy Mccarthy,66,49726 Dean Walks,South Sharon,Massachusetts,93167,155.996972,64.0920185
Thomas Taylor,25,0430 Chad Inlet,Smithmouth,North Carolina,88005,-12.869422,0.993226
Patricia Ramirez,20,358 Brandon Trafficway Apt. 968,Lake Victoriahaven,Rhode Island,47580,-152.156391,-13.843988
Danielle Welch,64,6195 Catherine Wall Apt. 354,Stephanieberg,Nebraska,85236,-60.672203,5.249883
Karen Hughes,33,1120 Thomas Shore Suite 182,Lukestad,California,65699,-20.794993,-6.255468
Martin Munoz,26,6353 Snyder Junction,Port James,Arizona,43399,-106.776329,-38.435284
Christopher King,27,57096 Carpenter Shoals,East Ambermouth,Kansas,84334,148.222008,-64.073259
Donna Turner,67,851 Rice Fort,New David,North Carolina,36553,100.769922,35.913084
Paul Rojas,27,6108 Allison Track,West Kennethland,Hawaii,70130,118.163038,-36.635038
Sarah Ingram,29,041 Mcdonald Cliffs,Port Melanieland,Minnesota,53123,-81.587815,83.8769665
Angela Taylor,60,9654 Andrade Hills,Edwardville,Hawaii,46325,-88.723104,55.778611
James Cohen,30,7542 Christian Locks Suite 099,North Juliaburgh,Arkansas,70665,-88.918700,23.1832535
Sue Mitchell,45,64644 John Turnpike Suite 268,East Joshua,Arkansas,37686,-4.579304,-84.451735
Vickie Mosley,69,32202 Clark Freeway Suite 761,Hoodburgh,New Jersey,31153,-172.879250,-8.0021035
Brittany Hale,70,706 Bryan Cape,Mossview,Mississippi,05956,-142.230884,32.696359
Christopher Callahan,78,407 Matthew Crest,Toddview,Colorado,75909,-78.963862,58.103517
Cole Alexander,44,252 Danny Cape,Port Margaret,Vermont,49433,147.170360,-65.4580515
Kristen Wilson,19,82605 Deborah Rest Apt. 277,New Jonathon,South Dakota,85857,118.161854,0.328072
Lisa Osborn,20,16351 Johnson Tunnel Apt. 745,South Matthewchester,Kentucky,91507,29.413792,14.0774185
Ruth Murillo,63,67242 Banks Skyway,South Michelleport,South Carolina,84889,-47.379453,-35.735346
Mary Pratt,42,43180 Robert Lights,Melissaton,Missouri,90799,1.699177,6.4159215
Gregory Woods,77,19187 Price Ford,South Sheila,New Jersey,80614,162.009852,34.4929595
Anthony Brooks,77,19502 Krista Stream,West Richardtown,Nebraska,19050,148.526496,29.8115835
Robert Smith,59,3575 White Divide,Garciahaven,Washington,03714,20.314647,-23.3719375
Joseph Hill,32,51833 Williams Cape,Cannonshire,Kentucky,79094,172.224737,0.0367145
Kimberly Cochran,46,07206 Laura Mills,Katieburgh,Wisconsin,87625,-125.157822,86.187977
Kevin Roth,49,9911 Michael Haven,North Troy,Missouri,48720,124.681780,-87.867485
Kent Benjamin,61,32398 Brandon Court,Petersonborough,New York,68980,-20.986149,-11.0331015
Erin Galvan DVM,39,3881 Alice Track,Justinside,Oklahoma,11395,34.099186,-0.431447
Sean Nixon,46,7356 Barbara Shores,North Annettehaven,New Hampshire,93762,26.435270,43.176547
Kelly Krueger,29,53047 Katrina Hollow Apt. 316,Davidburgh,Louisiana,81993,-138.340608,-72.1794695
Lindsey Fernandez,25,8899 Collins Fall,West Alyssa,Rhode Island,25146,-23.676606,-80.629924
Michael Bowers,31,43062 Smith Bypass Suite 288,Samanthahaven,Florida,46197,-26.972068,-33.198735
Claudia Hardy,75,10619 Preston Loop Apt. 954,East Brian,Michigan,96814,48.886287,-70.3222225
Joanna Phillips,44,481 Washington Parkways,Ronaldstad,Georgia,39462,-29.401172,35.1031135
Joy Alexander,19,853 Alexander Vista Apt. 498,Solistown,New York,47246,-8.512899,58.574250
Christopher Pearson,28,5813 Charles Estates,Port Amymouth,Arizona,68298,-113.410176,-52.4834405
Joel Arellano,48,95337 Walls Center Suite 654,North Eduardoborough,Vermont,21334,-0.516308,-60.168411
Jennifer Eaton MD,18,2414 Aimee Mews Suite 965,Joshuastad,Iowa,76343,52.032423,-73.0599245
Melissa Flores,51,96138 Lucas Meadow Suite 041,Lake Alyssa,Ohio,96627,-43.215439,-23.598524
Kathy Glover,79,15928 Adrian Villages,Lake Jeffreyland,Minnesota,57288,-27.202168,32.247220
Wesley Stevens,24,605 Gould Lights Suite 203,North Mariah,Kansas,95977,163.398227,-69.8619335
Krystal Ross,38,7935 Jones Brooks,Lake Derekbury,Iowa,81475,-130.591660,25.995287
Vicki James,33,04185 Joseph Via,North Thomas,California,75041,-114.124903,-69.307760
Bailey Hernandez,25,6960 Cruz Knoll,North Jennifer,Ohio,72475,-144.874496,-24.0169915
Timothy Martinez,49,161 Williams Terrace,Lake Alexbury,Alaska,75901,77.003524,-14.789834
Mr. Ethan Collins,31,01054 Kelly Forks Apt. 688,New Vanessa,Washington,96780,-57.071424,46.8918965
David Reyes,42,2907 Melissa Alley,Austinbury,Tennessee,04370,33.183028,-34.5300785
Johnny Lewis,39,216 Dodson Trace,North Gabrielle,Arizona,39008,67.668196,58.847993
Thomas Cline,29,749 Howard Alley,Stewartstad,Michigan,86745,-10.612530,22.8572935
Hannah Myers,80,69921 Melissa Centers,Port Cathy,Florida,16965,-92.179470,-31.4010135
Sharon Thomas,35,051 Rose Lake Apt. 182,Lake Thomastown,Indiana,69626,80.240496,88.9803815
Brittney Osborne,49,18151 Williams Square Apt. 660,Lawsonberg,Wyoming,66642,-118.208162,-71.143273
Adam Campbell,79,042 Lance Mount Apt. 434,Moralesberg,Arizona,59876,-114.041237,36.782587
Michael Lopez,55,4622 Jones Ways Apt. 159,South James,Idaho,83090,134.118056,-34.3340195
Jamie Robinson,33,4056 Hardin Lane Apt. 414,Pereztown,Nevada,04825,74.370301,61.055714
Elizabeth Roberts,62,48736 John Pine,Lake Alexandra,New Mexico,98178,157.628974,-63.2494635
Fred Stone,51,1685 Lori Lake Suite 352,West Jeff,Colorado,46353,-147.587156,71.9792195
Robert Norton,59,6806 Sara Islands Suite 224,New Sheryl,Hawaii,53610,77.966387,-72.9559655
Paula Sharp,37,504 Martinez Via Suite 093,Yvettetown,Alaska,41527,4.658355,79.158052
Sara Woods,70,0004 Erickson Radial,Adrianview,Kentucky,55379,-165.056082,72.3502225
Derrick Brown,75,714 Dominique Roads Apt. 689,Port Victoria,Vermont,18485,139.758738,-30.267896
Robert Copeland,34,26203 Hernandez Stream Apt. 334,Hannahside,New Mexico,43472,-58.676828,81.6787705
Brandi Hunt,64,279 Stephens Mall Suite 520,Daltonburgh,Pennsylvania,14680,-153.196178,29.5786305
Misty Baldwin,26,19128 Lopez Mission Apt. 083,Chungton,Louisiana,65009,-100.103026,-22.0494155
Victor Hoover,58,110 Alex Trail,Stephanieton,Vermont,31798,148.894280,-45.7329105
Lisa Meza,23,936 Patton Estates Apt. 571,South Kevinberg,Wisconsin,58868,95.258695,-31.9013915
Nina Richardson,45,24281 Joy Summit,Michellemouth,Texas,13969,-62.828659,43.8157215
Deborah Gonzalez,19,91641 Caitlin Road,Carolchester,Massachusetts,10599,26.199019,36.888154
Sheila Cook,62,5784 Owens Harbor,Jaclynton,South Carolina,90386,124.033568,-50.108726
Jerry Horn,45,162 Abbott Curve Suite 361,East Patrick,Florida,97041,79.290261,-60.5727005
Alexandra Bailey,54,349 Ian Isle Apt. 741,Fordtown,Delaware,14439,-170.374706,-1.3222525
Tina Hanson,21,19350 Robert Mountain,South Tanyaview,Mississippi,24897,118.409667,23.8581435
Alejandro Anderson,34,35708 Burton Spring,Hursthaven,Tennessee,24429,-150.268383,27.734063
Dean Turner,29,55711 Kathryn Ports Apt. 576,Jameshaven,Tennessee,32608,-159.744336,-13.615413
Gary Rodriguez,22,585 Brenda Road,South Erica,Kansas,21603,93.502720,-25.399436
Jonathan Reeves,79,681 Matthew Manor,Lake Veronica,Wisconsin,30858,35.642911,29.5434265
Shawn Simpson,23,5213 Taylor Creek Apt. 739,New Robert,Indiana,64730,-95.591455,48.761911
Jennifer Washington,37,88658 Allen Branch Apt. 727,West Rodney,Wyoming,35261,21.320400,6.971204
Megan Johnson,79,50664 Michelle Isle,Breannachester,South Carolina,86655,108.130604,61.059943
Cathy Parker,57,40583 Sullivan Cliffs,Kennedymouth,Pennsylvania,63745,144.847369,-86.696381
Tamara Pugh,70,40514 Blanchard Fork,Luisshire,Mississippi,30019,102.541819,21.595616
Jessica Gonzalez,33,776 Travis Green,Marshallburgh,Illinois,25220,56.661191,23.0693495
Andrea Young,60,8710 Woods Route Suite 713,Woodborough,Illinois,89401,-119.336157,-27.5519805
Erin Green,23,5165 James Ports Apt. 987,West Mia,Tennessee,95393,161.211215,30.9428735
Bill Arnold,76,67523 Erica Union Suite 624,Port Davidport,Maryland,44201,-45.138291,-45.0620435
Amy Rodriguez,51,573 Davis Lane,New Shawn,New Mexico,23285,-18.560150,10.159217
Catherine Davis,68,8573 Brenda Run Apt. 865,Lake William,North Carolina,61228,167.425347,74.2552405
Dennis Jordan,55,31484 Jackson Plains Apt. 449,New Samuelberg,West Virginia,59663,109.466288,-64.855997
Jason Lawson,64,685 Keith Drive Apt. 752,Cowanville,California,48979,11.000281,66.8041865
Brenda Johnson,69,49221 Patricia Isle Suite 403,New William,Illinois,60009,59.770868,-0.186593
Beth Summers,30,1393 Belinda Squares Apt. 180,Davidborough,Mississippi,68923,7.025255,-8.679992
Kyle Watson,32,144 Samuel Skyway Apt. 395,Fernandezport,New York,62642,-6.700997,-57.7283625
Latoya Kelley,23,1102 Sanders Pike,East Phyllishaven,Delaware,51012,-99.762811,82.287145
Hannah Ramirez,61,061 Christopher Lights,Lisafort,Virginia,26665,-7.835048,-72.9659455
Jeffrey Hood,33,33571 Reeves Plaza,South Desireefort,Georgia,72218,124.625744,65.6679005
Lisa Rojas,62,78975 Medina Trail Apt. 371,South Paulberg,North Carolina,01849,-80.822818,-31.895701
Kenneth Hernandez,79,3251 Gregory Inlet Suite 322,Alanshire,Vermont,34667,-72.072443,-45.335644
Elizabeth Everett,64,8870 James Port,North Amber,Nebraska,89055,-174.191846,-3.9953555
Kyle Callahan,68,03552 Hughes Camp Suite 501,Stephanietown,Texas,84026,55.790928,-8.8201575
Rachel Phillips,27,850 Hall Drive,Daniellemouth,Alabama,48167,-114.715960,-77.171226
Donna Mendoza,78,78597 Richard Roads Apt. 764,Mannmouth,New York,93087,-58.125791,-13.0763065
Christina Larsen,49,7809 Aaron Ways Apt. 894,South Anthony,South Carolina,08104,-23.829181,-85.762177
Samuel Hart,21,80087 Amanda Spur,North Troy,Connecticut,57380,-44.342295,-20.192454
Tiffany Turner,53,366 Shelby Spring,Devinmouth,Alabama,44743,115.859773,88.988515
James Houston,23,89364 Brittany Underpass Apt. 107,Allenborough,South Dakota,09261,175.237031,21.5389235
Laura Ellis,65,3977 Jones Village Apt. 208,West Kelly,Alaska,17020,174.459471,6.446860
Jose Torres,50,069 Christopher Forest,New Emmashire,Vermont,18587,17.747005,35.0765925
Sabrina Jones,79,769 Morse Gardens,Kennethbury,Vermont,96269,143.030278,-51.4633595
Kimberly Ramos,23,27940 Daniel Gateway Suite 265,Benjaminhaven,Virginia,17529,32.258808,74.332798
Cynthia Garcia,70,2584 Tamara Brooks,Summersview,Mississippi,87689,-108.529007,-25.7160505
Todd Hurst,62,02790 Steven Port,Snydertown,Utah,20486,159.068805,-63.508274
Heather Fernandez,24,78249 Carrie Circles,North Terrishire,Alabama,02713,-143.343593,-87.2531285
Amanda Williams,31,7409 Olivia Manors Suite 075,New Matthew,Iowa,46149,77.424392,11.696148
Barbara Olsen,62,663 Johnson Lights,Samanthaside,Hawaii,88576,-46.359421,-49.082618
Madison Hamilton,51,49722 Joanne Point Apt. 538,South Erica,Montana,32898,-52.833506,-20.916993
Katherine Irwin,35,6775 Jones Village Apt. 902,Carrillotown,Maine,63068,69.564242,-29.159562
Amber Kelly,23,62435 Wyatt Pike,Port Bryanport,New Jersey,79794,108.799742,-2.330183
Matthew Goodwin,18,88710 Keith Land Suite 469,West Martinfurt,Kentucky,68983,60.469759,-36.8587765
Abigail Boyd,43,877 Nathan Springs,West Matthew,Minnesota,28693,174.301984,-5.410542
Joshua Gomez,73,0397 Scott Rapids,Owensland,Nebraska,89163,137.901418,-8.772398
Julia Morris,78,15504 Ellen Mills Suite 804,Brittanyport,Wisconsin,33999,166.408541,-41.501573
Martha Anderson,55,6550 Holloway Inlet,South Michael,Ohio,50388,-114.738344,-68.258273
Michael Anderson,58,887 Galvan Passage,South Daniel,Georgia,08419,115.013390,-44.4281585
Ana Carr,20,6797 George Walks Suite 343,New Bryan,Texas,18606,-158.867219,0.542326
Austin Thomas,62,74920 Henderson Villages Suite 110,Taylorland,New Hampshire,08315,3.481045,53.173885
Stephen Kelly,61,619 Paul Walk Apt. 691,South Angelaville,Rhode Island,12771,144.083166,-68.3905495
Michael Davis,25,32024 Leblanc Springs,Lake Tammyhaven,Washington,64328,-178.510916,-17.3227155
Michaela Bailey,33,1232 Miller Court,Austinland,Idaho,59597,-2.602759,-85.332799
Anthony Mcbride,28,644 Shelia Shoal,West Justinberg,Ohio,21047,72.381827,-50.6529155
Timothy White,55,62217 Rivera Station Suite 342,Briannastad,North Dakota,68863,-38.869686,86.066472
Ellen Miller,66,4464 Dickerson Hill,Lake James,Alabama,66270,81.328049,-65.1856715
Diane Watkins,55,6816 Crystal Ridges Apt. 050,Johnburgh,Montana,55571,-69.839866,-86.3461725
Zachary Bell,65,71584 Patrick Islands,East Sarahstad,Tennessee,44034,-171.249514,-63.1571615
Daniel Quinn,73,75509 Whitehead Coves,East Tina,Maryland,23335,75.110967,50.5223025
Christy Washington,56,732 Martinez Walks,Nathanview,Wyoming,34327,120.278653,-14.0407045
Jean Robertson,44,272 Crystal Greens,East Michael,Delaware,29292,158.858352,8.2442065
Heather Winters,73,63995 Gallegos Fort,East Marissafort,Iowa,11930,-129.421009,33.8135775
Bryan Snow,46,8140 Isabel Mews,Lake Bradyview,Pennsylvania,17767,-18.414668,18.0267875
Sarah Riley,59,02409 Miller Mount Suite 733,Osbornville,Virginia,20217,-107.708977,-28.6462315
Jeffrey Simon,79,5837 Phillips Pass,Jasminebury,Alabama,61161,160.466273,32.9565775
Laura Diaz,58,06748 Rodriguez Mount,South William,Connecticut,85935,113.922253,-44.0809845
Amy Golden,29,4573 Chad Rapids,North Brittany,New Jersey,89208,-159.886857,19.028669
David Gomez,56,385 Mullen Keys,West Stevenland,Wisconsin,90962,-16.628665,42.5310635
Joseph Mason,20,7176 Graham Loop,Fullermouth,South Dakota,36435,-148.738743,13.757557
Valerie Hernandez,39,1756 Natasha Pine Suite 370,South Joseton,Vermont,02998,-100.659706,21.919857
Veronica Roberson,45,76779 Carol Parkways,Dunntown,Michigan,07494,-35.065072,-8.9945405
Mary Farley,56,499 Villarreal Mill Suite 328,New Matthew,South Carolina,93172,49.638288,-85.402689
Zachary Fox,28,9151 Ashley Village,Moontown,Texas,91285,75.437299,52.6504135
Kelly Schaefer,60,45278 Harry Expressway,Davisfort,North Carolina,06472,102.586927,15.0027505
Faith Robertson,36,968 Ibarra Pass,Jacquelineborough,West Virginia,77604,5.701922,4.413359
Michael Buckley,20,18032 Stokes Gardens,Bradleymouth,Vermont,08778,-3.117608,47.3847165
David Perez,72,44188 Jason Divide,Johnsonmouth,Pennsylvania,48498,166.132744,59.343645
Wayne Nicholson,55,7261 Barker Brook,Christopherport,West Virginia,09446,-4.700306,79.897896
Ricky Brown,23,7956 Tammy Creek Apt. 608,Lake Randy,Massachusetts,96915,-151.059143,-33.8631915
Kevin Livingston,22,0585 Alexandra Point Apt. 526,North Douglasborough,California,43908,93.381619,32.3753325
Jennifer Benson,37,61526 Baker Parkway,Christophermouth,Illinois,28111,96.359499,-38.9972895
Lisa Schroeder,77,3925 Clarence Crest,East Susan,Oklahoma,03367,129.309899,-53.7966795
Keith Huffman,69,4397 Zachary Island Apt. 140,Port Joy,Wyoming,09530,-75.848925,-1.4553345
Amber Wright,47,54361 Macias Villages,Francismouth,Vermont,78787,-65.781485,12.319150
Sarah Collier,76,405 Henderson Mount Suite 501,Lake Robertside,Ohio,49212,89.747727,-1.205431
Angela Mckenzie,52,72946 Phillips Points,Lukeshire,Virginia,65072,153.446831,20.6341195
Debra Beltran,51,83982 John Ridge,Seanville,Arizona,22247,3.308258,-49.2032965
Jeffrey Ramos,45,4520 Villarreal Estates Suite 892,West Ashley,Oregon,28596,18.032135,58.8151685
William Russell,35,4705 Mark Walks,Lake Gary,Maryland,66267,113.865189,-27.4612655
Melissa Hernandez,79,234 Stokes Ways Suite 788,Ingramshire,Maine,88151,-21.501019,71.7173635
Paul Allen,63,1037 Jones Turnpike,East Chelseamouth,Maryland,17469,30.365241,-89.0154965
Donna Smith,45,891 Miller Streets Apt. 043,Joshuahaven,Hawaii,05923,103.401391,43.876962
Benjamin Fox,49,089 Tran Islands,West Erikamouth,Oklahoma,50020,-95.186770,-2.550670
Andrew Campbell,67,02755 Robert Cliffs,Hayesmouth,Connecticut,04916,102.719176,-49.0512135
Taylor Clark DDS,31,59778 Christina Fork Apt. 103,New Thomasstad,New Mexico,36268,125.313765,37.1633955
Alicia Carter,31,91089 Nicholas Centers,North Paul,California,73861,13.740198,8.707515
Kevin Nichols,61,1306 Matthew Extension,Hunterchester,Ohio,42509,-134.499872,50.8491275
Robin Lopez,78,2639 Davis Trail Suite 927,New Sarahchester,Pennsylvania,12510,-137.396293,50.186642
Sara Martinez,77,875 Benjamin Rapids,East Erin,Virginia,18723,110.808310,1.8765085
David Holloway,62,1226 John Square Suite 517,Lake Jennifer,South Dakota,66499,160.284201,28.180196
Jesse Davis,30,6428 Samantha Cliff Suite 166,South Kyle,Ohio,42424,76.764588,-19.1693925
Chelsea Wilson,80,11191 George Lane Suite 752,Port Jason,Tennessee,34374,-20.313236,21.7332455
Eric Burns,40,711 Marcus Summit Suite 637,Lake Mary,Ohio,34615,-11.910691,-81.001370
Kelly Santiago,31,12977 Williams Extension Suite 505,Collinsshire,Hawaii,24347,-78.632173,-26.536838
Jason Maxwell,58,5992 Jones Fork Suite 741,South Judyshire,Colorado,18023,-162.037925,-32.9880985
Andrew Thomas,77,9883 Buchanan Springs,Crossshire,North Carolina,15725,60.481530,83.265683
Lynn White,70,52389 Miller Course Suite 389,North Sydneybury,New Mexico,71888,-96.002679,-85.658728
David Kelly,59,66769 Noah Point Suite 732,Lake Samanthaview,Michigan,34375,47.616608,-11.2904615
John Rowland,36,219 Joshua Spur Suite 523,Vegaborough,Utah,42920,-11.670708,23.5128735
Alexandra Spencer,51,3396 Hale Walk,New Brooke,Hawaii,93933,33.691828,-85.295010
Jeffrey Cowan,78,2495 Yang Inlet,North Carrieport,Maine,22167,-140.298961,-14.7504425
Crystal Espinoza,41,503 Schmidt Street,South Leeside,Connecticut,41487,-65.192267,29.149632
Kelly Foster,61,8373 Samantha Village Apt. 968,Lake Brendan,New York,16439,-130.717116,-74.1594285
Donna Gonzales,79,301 Wright Village,Dianafort,Oklahoma,27005,169.250512,37.356245
Michael Wilson,65,193 David Burg Apt. 083,West John,Massachusetts,43405,-64.567089,-57.9224345
Matthew Hernandez,21,653 Gerald Shoals,Natalieville,Utah,34024,-24.224791,78.3231775
William Dennis,74,3663 Thomas Hills,Marshallshire,South Dakota,28295,-3.594070,35.697503
Melissa Bartlett,62,4975 Stanley Oval Suite 156,Leefort,Maryland,10565,-24.588004,-37.898984
Michelle Richards,36,57330 Johnson Shore,Lake Sara,West Virginia,18874,-58.801141,-76.554970
Nicholas Davis,50,8251 Melissa Cape,Garciafurt,Washington,48359,16.989184,-62.8791645
Sarah Morris,41,362 Yolanda Flat,Michaelfurt,Alabama,28630,-4.306867,37.3394635
Kathryn Gonzalez,45,65457 Dawn Parkway,Rivasburgh,Georgia,13924,113.453324,-39.3165855
Jason Martin,28,523 Ann Road,Thomasport,West Virginia,91386,-12.259163,85.451402
Andrea Sweeney,47,8290 Stanton Circles Suite 778,Frankbury,Florida,26891,36.855454,-87.4331145
Robert Edwards,64,449 Renee Port Suite 268,Soniaview,Ohio,21173,133.622420,35.0730285
Emma Park,54,3285 Cole Alley,Lake Katiefort,Texas,02931,110.593911,62.703310
Kristina Rodriguez,58,79671 Ho Run,Annemouth,Montana,13806,101.140277,87.797205
Kimberly Hall,40,09019 Meredith Courts,Port Michael,Oklahoma,93629,92.652805,-34.029448
Christopher Klein,65,5639 Fritz Pine Suite 187,South Kayla,Oregon,24681,-77.137114,63.911839
Cynthia Curry,31,002 Miller Inlet Apt. 305,South Connor,Colorado,64747,-1.933821,-84.9198185
Amy Mckenzie,20,9542 Gregory Tunnel Suite 600,South Moniquefurt,Nevada,69347,-117.300398,-81.753557
Robert Hoffman,23,69994 Beck Harbors Suite 510,Rubiofurt,Ohio,15237,109.663250,-9.5201075
Kimberly Stevenson,62,3696 Brandi Shores,Duncanburgh,Montana,00900,100.700350,-53.5334635
Kelli Stone,69,309 Ortiz Knolls Apt. 142,West Gregoryport,Vermont,95715,153.673593,-65.914931
Donald Sanchez,64,6644 Ryan Springs,Lake Robertport,Ohio,20903,51.546586,-68.642344
Clayton Page,66,0900 Laurie Ridge,East Rebecca,Kansas,37290,-88.481160,11.3715315
Jocelyn Castillo,61,217 Richard Falls,Adamfurt,Alabama,58141,15.319817,-84.147277
Cory Young,57,36370 Skinner Hollow Suite 065,West Vanessaborough,North Carolina,33665,0.678239,16.619698
Melanie Warren,39,6014 Daniel Villages Suite 109,Elizabethland,Indiana,91390,-79.016509,-32.7416825
Eric Larson,56,06386 Jeremy Rapids Apt. 447,New Joshua,Rhode Island,61663,-170.977223,-83.362062
Diane Day,72,7204 Booker Drive Suite 846,Colinbury,Alabama,55365,44.614150,21.1246705
Christopher Ruiz,56,72894 Jones Landing Apt. 149,East Darren,Washington,95379,122.124680,-10.928770
Jason White,29,6496 Justin Mount,New Karen,Texas,98685,18.360077,-63.847565
Raymond Smith,61,926 Carter Rapid,New Taraport,Nevada,99847,102.349582,-55.373573
Nicholas Suarez,67,69840 Marquez Divide Apt. 295,South Matthew,Maine,52067,93.111968,-47.9487675
Jeffrey Carter,67,4232 Tonya Plains Apt. 157,Harringtonshire,Mississippi,21988,145.441303,33.3797575
Michael Houston,19,22085 Howard Pines Suite 541,Kellychester,Wisconsin,21794,157.117399,-42.541404
Candace Gentry,67,85788 Tony Greens Apt. 699,Leonardberg,Arizona,55190,41.005764,60.6211965
Mike Johnson,44,882 Crystal Squares Apt. 636,Port Johnville,Florida,71590,81.260350,61.1272635
Bailey Pearson,25,167 Daniel Courts Suite 464,West Kellystad,Kansas,61525,-119.132264,35.5192605
Shane Salazar,42,44532 Christopher Fork,South Matthew,South Carolina,62817,-40.499258,-17.9334245
Lisa Hays,33,8098 Tiffany Circles Apt. 830,Bowenshire,Rhode Island,76558,-22.958335,-89.0070425
Jon Moreno,38,1895 Dennis Hills,North Gregorystad,California,09877,-67.635323,-66.7500035
Micheal Hernandez,34,1129 Richardson Dam Apt. 420,Christopherborough,Alaska,07151,54.217014,-25.967290
Deborah Miller,38,119 Maurice Mission Apt. 133,Kevinberg,Georgia,99907,21.368802,27.446580
Bailey Johnson,59,9476 David Groves Apt. 217,New Joseph,Indiana,12106,107.024189,-51.731746
Michael Baker,31,266 Kimberly Stream,Brandystad,Nebraska,80403,10.182673,-58.4789705
Mary Cervantes,79,937 Tracy Stream Suite 859,Lake Paulaton,California,07609,-64.411059,-65.1135965
Jennifer Carter,70,351 Dalton Ways Apt. 454,New Crystalton,Hawaii,61720,-113.460640,-60.3216225
Mark Davies,37,996 John Heights Apt. 402,West Kimberly,Maine,54887,-31.889704,25.120265
Bianca Long,60,3360 John Wells,Finleyhaven,Hawaii,15321,-169.892919,16.8362025
John Garcia,78,40814 Gwendolyn Bridge,Stephenfurt,Arkansas,01654,-55.709538,-22.3784385
Rodney Huffman,63,692 Melody Mills,Thomasfurt,Rhode Island,40847,32.529003,-11.341585
Alyssa Nash,78,0011 Margaret Locks,Jasonside,Alaska,85789,16.110926,26.4688545
Maria Valentine,18,2389 Joan Estates Suite 546,Castilloburgh,Kentucky,56958,36.931737,44.901255
Kyle Miller,47,673 Brenda Meadow,North Julie,Rhode Island,13930,-31.347050,-10.965855
Melissa Mcguire,41,611 Price Green Suite 376,New Jennifermouth,Tennessee,45812,158.368099,-43.4665955
Erica House,51,1688 Kelly Gardens Suite 483,Kellermouth,Alaska,43151,-38.020044,-39.7859455
Shannon Summers,29,985 Long Junctions,Underwoodburgh,Washington,03455,170.814350,-14.439272
Jillian Diaz,73,6942 Wagner Avenue Apt. 935,Mauriceview,Tennessee,54100,178.042499,89.3874995
Wanda Gregory,75,95682 Johnson Orchard Suite 769,Adamsfort,Oregon,91753,-146.532397,-5.4771525
Jacqueline Rhodes,77,21043 Susan Port Apt. 369,Allisonberg,Virginia,15243,-68.662787,18.6170105
Tim King,34,7652 Cody Avenue Suite 187,Moorestad,Tennessee,06820,163.142272,-51.862460
Tony Murray,66,714 Brad Terrace Suite 444,Christinahaven,New York,81349,-134.211268,33.3927445
Tracy Monroe,75,50311 Johnson Port Suite 711,Robinsonhaven,Illinois,24186,0.955880,-22.9695745
Ann Miranda,51,0062 Burgess Well Suite 095,Kaitlynfurt,Wisconsin,70551,68.566904,66.896161
Roger Johnson,22,400 Jenna Centers Suite 954,Faulknerfurt,Georgia,18148,2.228161,29.459395
Wayne Baker,80,813 Brenda Spring Apt. 800,North Steven,North Carolina,81747,52.160633,-13.684055
Penny Medina,39,40713 Hurley Plaza Apt. 771,Lake Kimberly,Maryland,71443,-49.473943,16.0636265
Stacey Patterson,42,34271 Morales Hill Suite 744,North Earl,California,24585,-76.311804,62.3155405
Jacob Peters,29,815 Devon Trafficway,Jacksonville,Florida,29299,176.410716,33.881300
Terry Johnson,37,430 Deleon Shoal,New Ryanstad,Pennsylvania,57236,-100.898157,67.9675075
Mrs. Amy Allen,68,597 Williams Burgs Apt. 729,Lake Douglasmouth,New Mexico,62748,-19.487229,23.979069
Jennifer Boyer,27,645 Denise Alley,North Cassandra,Kentucky,33068,-4.423971,69.905319
Jonathan Miller,56,211 Jackson Road Suite 715,Melissafort,Louisiana,59234,159.509332,45.390080
Ricky Hernandez,36,86791 Cook Islands,Lake Terri,Texas,64356,29.191018,68.8912935
Laura Barber,68,2871 Jamie Camp Suite 499,New Lisa,California,11136,162.543310,28.787173
Frank Lucas,68,48723 Frank Plaza,Phillipsville,Mississippi,80985,73.155245,-49.2897515
Kristen Torres,22,1601 Steven Highway Suite 844,New Erin,Michigan,22584,-10.863169,48.7499525
Dwayne Walker,38,89073 Scott Shores,North Travis,Louisiana,83896,-71.584809,-88.031722
John Nielsen,63,4708 Walker Summit Apt. 292,Davidfurt,Idaho,02659,129.844135,11.0864425
Jamie Gutierrez,22,0884 Elliott Corner Suite 555,Scottfort,New Hampshire,62111,48.256335,-79.9371725
Jacob Lewis,37,97444 Katherine Tunnel Apt. 452,West Timothyfurt,Maine,33486,4.458866,-3.494828
Beth Hanson MD,37,490 Nichols Flat,Gouldhaven,Wisconsin,27225,-80.011485,-84.0201865
Sheila Moore,68,9170 Davis Mall Suite 129,Port Charlene,Washington,92989,-23.589836,-79.850461
Monica Garcia,63,9800 Berry Lights Apt. 424,New Kevin,Missouri,74880,-122.930981,68.6793085
Susan Delgado,44,48861 Flowers Mountain,Lake Coryberg,Idaho,33058,133.167211,-87.569107
Rachel Vaughn,67,213 Terri Parkway Apt. 829,Lake Andreastad,Indiana,11019,58.439189,20.442130
Spencer Archer,49,668 Jenny Rue,Jamesside,Hawaii,09743,-77.882891,-45.7465845
Michael Maxwell,44,27280 Christopher Manor,Garciaborough,Kentucky,34757,-50.946824,-72.0200495
Jose Malone,49,672 Simmons Street,Simsville,North Dakota,62210,-86.287636,13.9943505
David Christensen,75,6639 Kim Knoll Suite 520,Jeremyburgh,Indiana,26370,-155.249420,50.663354
Lauren Snyder,55,0987 Knight Lights Suite 399,North Cynthia,Indiana,73077,-3.743930,-55.4200525
Darrell Carr,63,687 Cynthia Extension,New Ronald,Texas,67506,83.276102,68.9006525
Brian Jordan,37,103 Gregory Drives,Brittanymouth,Wisconsin,55089,97.540837,-51.4834035
Francisco Perez PhD,29,428 Justin Freeway,North Jenniferton,Iowa,64535,-109.639105,-80.226059
Nicole Haas,43,550 Brandy Drive Apt. 352,New Clarence,Washington,67007,-19.576585,-86.6852655
Katrina Hawkins,32,863 Jillian Isle,Nicolemouth,Iowa,14862,-34.636359,79.993050
Chase Warner,64,776 Elizabeth Port,Patrickside,Iowa,52735,-171.346149,-35.109772
Brian Lester,21,2314 Jennings Road Apt. 837,Kristentown,Mississippi,45805,109.996895,64.681595
Chelsea Clark,34,84134 Baker Mountains Apt. 920,Port Gregoryborough,Connecticut,41137,-112.545268,59.7396295
Norman Shaw,59,05065 Mary Ports Apt. 374,North Jessicamouth,Alabama,25376,147.447558,-49.077822
Joshua Reeves,79,291 Sheena Plains Apt. 355,New Matthew,Ohio,18261,-0.416571,-78.8186895
Scott Smith,56,4295 Ramirez Springs,Shaunhaven,Illinois,52531,-106.913100,6.588749
Paul Davila,70,910 Noah Forks Suite 028,South Sarahside,Hawaii,21206,92.727824,41.936820
Anthony Martin,80,866 Meyer Flats,Tylerfurt,Wyoming,34762,-134.841901,-36.7236545
Angela Mcdonald,76,62815 Walter Union,South Katherineport,Ohio,64036,21.951090,50.599358
Terry Owen,47,4183 Kevin Glens,Marcusborough,Colorado,35398,-101.298516,6.2817625
Daniel Kirby,36,192 Petersen Walk,Raymondborough,Pennsylvania,42299,-47.142669,-12.1659805
Mitchell French,49,396 Elizabeth Harbors,North Angela,Indiana,69616,-59.801377,-58.227024
Kenneth Hubbard,36,8124 Suzanne Grove Apt. 829,Holmesfurt,New Jersey,07828,56.012736,56.392168
Benjamin Bullock,18,241 Lisa Plain,Robertfort,New Mexico,66383,104.442422,-84.0113395
Deborah Nguyen,55,8576 Jennifer Shore,Benjaminview,West Virginia,08822,-78.082183,-38.260488
Donna Eaton,32,2622 Wood Harbors,South Richardland,Indiana,21834,-33.546002,-39.1296985
Kelli Villarreal,61,114 Christopher Prairie Apt. 004,Jacobsport,Massachusetts,92997,48.007264,1.036342
Robert Martinez,56,2132 Ryan Keys Apt. 147,New Eugene,Hawaii,28330,-155.549975,-17.247692
Michele Long,24,984 Cochran Dam,New Jasonville,Texas,49026,164.634600,-48.284296
Jordan Martinez,44,441 Wright Alley,East Edwardhaven,Virginia,24905,-104.277267,-24.176501
Amy Taylor,25,4225 Sharon Dam Suite 347,East Tiffany,Wisconsin,35985,148.025395,59.6580755
Mario Gray,33,594 Berg Underpass,East Paul,Nevada,62046,-88.235521,-29.994200
Morgan Gilbert,41,156 Anderson Pines,South Ashleyfurt,Colorado,73495,117.924346,-28.233770
Shawn Goodwin,77,0885 Cruz Spring Apt. 296,Josephbury,Pennsylvania,38849,-62.310204,31.106674
Susan Wheeler,41,8824 Greene Ramp,Heatherside,Delaware,53820,70.302936,72.663396
Renee Jacobs,22,15363 White Creek Suite 893,Richardtown,Arizona,72495,88.470670,-44.9959025
Robin Lynch,74,80592 Eric Shoal,East Luis,Illinois,61711,-110.327692,40.0019565
Stephanie Ford,30,5844 Price Crossing Apt. 615,North James,New Jersey,28838,-38.636356,33.538805
Joshua Myers,32,471 Joseph Inlet,West Richard,Illinois,54646,164.933251,-77.596456
Madeline Melton,39,113 Brian Plaza Apt. 013,Port Sheila,Montana,95893,-49.429925,-6.249411
Christopher Jenkins,73,394 William Station Apt. 759,Lake Louisville,Wyoming,06997,-65.564957,0.755496
Erika Miller,80,4778 Jeffrey Turnpike,Beasleyburgh,Kentucky,57913,-115.286203,6.240699
Mrs. Mikayla Strickland,32,5403 Castillo Glens,Port Calebshire,Alaska,28398,-141.551222,55.093086
Jessica Irwin,75,9052 Howard Squares,Lake Melinda,South Dakota,81560,-43.303429,-78.312461
Bonnie Martinez,18,770 Torres Overpass Apt. 763,Catherineview,Delaware,91002,104.143382,-58.994427
Michael York,73,0028 West Cove,Port Melissabury,Washington,49564,102.837623,15.940907
David Schaefer,18,05057 Jackson Club Apt. 719,Kellyfurt,West Virginia,77863,121.960962,42.434892
Michael Lambert,79,531 Rubio Shoal,West Matthew,Wisconsin,52797,-125.266883,28.9366055
Kyle Carroll,58,252 Potts Lane,Velezfurt,Maine,04906,141.495152,27.946219
Charles Mitchell,36,9871 Stephanie Roads Apt. 189,Alvaradostad,Colorado,20895,69.037555,78.808291
Donna Pace,67,17663 Kenneth Rest Suite 331,Port Patricia,Georgia,51014,112.685793,62.9628435
Eric Smith,75,57542 Contreras View Apt. 605,Port Donaldchester,Virginia,46260,-93.671486,-39.5383495
Richard Shelton,75,70651 Allison Crossroad Suite 703,Pollardville,Delaware,92072,-39.188452,59.8737925
Matthew Rivera,63,852 James Crossing Apt. 477,South Richard,Washington,78000,21.073448,16.242016
Annette Chan,54,33905 Spencer Crossroad Apt. 131,Lake Shane,Iowa,19250,136.908002,-61.7786895
Lisa Wade,74,4609 Smith Divide Suite 988,Port Melanieland,Mississippi,59248,127.826870,-39.660343
David Jackson,76,084 Lozano Brook Suite 999,Brownborough,Washington,48081,-85.557646,-31.081674
Jennifer Bowman,69,67835 Kristin Crescent,Bakerland,Alaska,93487,104.806023,68.6078675
Victoria Johnson,38,38335 Amber Burg,Port Belinda,Mississippi,65684,-175.660688,-21.3469805
Gregory Martin,66,808 Rowe Throughway Suite 908,Danieltown,Oregon,04701,-158.236525,48.582278
Ryan Hester,22,16058 Barker Fork,North Kayla,Mississippi,33318,31.002796,17.1492565
Debbie Hernandez,45,78181 Sara Forks,Munozland,Connecticut,62176,-49.987867,78.6063735
Stephanie Phillips,36,630 Patricia Mews,Mayohaven,Rhode Island,14678,18.758224,47.398489
Andrea Hernandez MD,25,6495 William Circle,Nguyenbury,Nebraska,19546,0.342157,62.458632
Melissa Stone,47,767 Tina Ports Suite 870,Noahland,Oklahoma,98589,118.297211,-32.3674085
Yesenia Gibson,45,774 Peter Via Suite 468,Maynardberg,Maryland,59001,-4.291214,-0.9947275
Juan Hernandez,42,14474 Travis Overpass,Francomouth,Oregon,27866,-142.931525,-86.0529925
Carlos Thompson,56,425 Duncan Fort Suite 497,Lake Keithhaven,West Virginia,69292,108.366259,64.4848875
David Glover,33,4933 Gregory Square Apt. 286,Jeffreymouth,Mississippi,66260,123.762763,7.097087
Jacqueline Dominguez,47,785 Scott Coves Suite 274,West Laura,Pennsylvania,47980,-6.453451,18.0531635
Kenneth Castaneda,71,4352 Joshua Rest Suite 588,Matthewchester,New Jersey,94310,-140.458589,-29.281435
Monica Mitchell,55,130 Ryan View,Port Jenniferberg,Ohio,41510,25.016825,-48.4733805
Nicholas Jones,79,871 Norman Mission,New Christianmouth,Iowa,84644,-116.258777,84.4035205
Samantha Fisher,70,7502 Wallace Mission,Johnport,Missouri,75636,-142.146650,-48.9728035
Brad Barnett,72,481 Alyssa Prairie,Lambshire,North Carolina,66663,-72.319572,-68.9798565
Damon Shields,56,881 David Dam Apt. 033,Danielhaven,Massachusetts,37060,71.285456,-65.1120385
Ashley Good,18,1819 Michael Shoal Apt. 220,North Angela,Delaware,39971,-155.503961,-3.240362
Clifford Shaffer,41,50728 Evans Via Apt. 814,Changport,Idaho,12456,125.427555,42.0461945
Sabrina Wallace,77,597 Melissa Port Apt. 191,Vincentview,New Mexico,16926,-114.947461,77.912155
Mary Le,64,7155 Christopher Isle Suite 255,Jeffreystad,Indiana,68198,33.666376,31.337336
Mitchell Rich,40,12557 Sanchez Springs,Marilynmouth,Minnesota,26073,-99.828633,6.682462
Jennifer Davis,65,248 Cooper Prairie,North Stacey,Nebraska,62480,13.527698,-57.845920
Melissa Reyes,31,74245 Church Mills Suite 718,Lake Joseph,Kansas,79763,-147.084731,83.403231
Emily Monroe,38,517 Jones Curve Apt. 635,Port Nathanielbury,New York,45037,-97.269641,-63.525788
Michelle Leblanc,51,420 Jacobs Courts,Millermouth,Nevada,11278,-82.847186,-85.227321
Mallory Beasley,47,1046 Wendy Bridge Suite 674,Lake Hannahfurt,Ohio,16446,85.245377,-34.9841575
April Pierce,70,9707 Michael Rapids Apt. 595,Douglasport,North Dakota,74790,171.323294,-67.503577
John Edwards,42,5045 Austin Lights,Martinport,Hawaii,63193,81.605549,10.7831995
Angela Ward,77,74478 Lewis Mount,Ronaldland,Virginia,57003,-144.749503,-10.5613625
Anthony Watson,25,7286 Cook Canyon,Port Charles,New Mexico,58701,173.656040,-39.147305
Tommy Johnson,60,11736 Joshua River,Smithside,Kentucky,31656,-20.694332,88.008956
Lauren Turner,69,5952 Jeffrey Gateway,North Justin,South Dakota,06802,178.413536,46.711977
Lori Cooper,77,67342 Walker Brook,Geraldside,New York,87342,-101.578286,-54.9696675
Robin Turner,72,6851 Martinez Glens,South Patrickfurt,Indiana,07378,114.383794,19.3973125
Victoria Freeman,47,53273 Carr Camp,Stevenhaven,Hawaii,12564,110.714970,88.5487705
Michael Patton,71,07502 Harold Villages,Michelleton,Missouri,22906,48.878027,16.364739
Angela Nixon,76,242 Scott Vista Apt. 515,West Mackenzieport,North Carolina,38603,-94.836712,-46.4991235
Jennifer Franco,36,14290 Benson Lodge,East Sara,Maine,10144,-4.215947,3.910427
Luke Cox,60,8466 Gary Manors,Baileybury,Alaska,77138,165.800054,-41.5903975
Samantha Robinson,51,20103 Kimberly Place,Port Marisa,Delaware,82306,140.673230,-10.5069435
John Lopez,34,8645 Kristopher Field Apt. 122,East Julia,New Hampshire,60690,-53.774357,36.7004155
Yvette Cabrera,19,55286 Matthew Ford,Lake Nancyfort,California,07765,-29.576865,-61.543909
Ashley Lucero,73,8381 Mitchell Inlet Apt. 008,Stevenmouth,Florida,30303,22.944764,83.915205
Toni Pham,45,568 Heather Square Apt. 773,Terriside,North Carolina,91067,-81.238534,9.628713
Tanner Escobar,65,689 Joseph Trail,Phillipborough,Ohio,63834,-41.112055,53.0911775
Tammy Wood,70,582 Brianna Centers,Ballardfurt,Nevada,56717,-107.168558,-75.4159505
Steven Burgess,44,9519 Lawson Greens,East Johnfurt,Maine,73250,-68.356770,-36.7960915
Ms. Nancy Garcia,69,5862 Harris Canyon,North Markside,Connecticut,63356,98.145753,61.0947415
Nicole Guzman,33,106 Gregory Mountain Suite 331,South Samantha,North Dakota,11087,148.807490,75.019790
Jessica Mclaughlin,38,32052 Lisa Haven,East Katherineborough,New Mexico,83861,129.556962,42.445419
John Mcdaniel,64,301 Christopher Neck,East Ronaldton,Kansas,80208,-73.570310,51.465392
Kristy Stanton,25,27035 Harris Forge Suite 600,Kleinstad,New Hampshire,11119,174.043827,10.804575
Alexander Barnes,28,2546 Salazar Summit,Debrahaven,South Carolina,49365,-59.633567,-87.7861485
Christy Navarro,36,364 Billy Court Suite 254,Port Crystal,Idaho,10588,51.002543,-25.012528
Sharon Reyes,37,730 Emily Ford,Timfort,Ohio,86614,-149.600202,-44.483216
Zachary Jacobs,26,87509 Lester Loaf Apt. 360,Port Mariaburgh,Iowa,83526,-46.826299,84.4815305
Lauren Johnson,54,5363 Castillo Creek,South Nicholas,Delaware,14174,169.718515,-64.4855755
Linda Rowland,50,0392 Webb Road Apt. 248,North Jason,Michigan,35007,158.459588,82.4699765
Amanda Bishop,75,70004 Huang Fords Suite 834,Charlesside,Maryland,77144,74.123897,35.0024405
Nicole Valencia,66,9914 Melanie Brooks Apt. 679,Debrabury,Connecticut,17844,-90.354214,45.780047
Eileen Armstrong,26,52211 Jacob Lake Apt. 506,Anthonymouth,Maine,68507,99.476284,-67.532025
Jacob Tran,60,4493 Jonathan Estate Suite 068,Josephside,Kentucky,55684,-76.374110,-6.102882
Kimberly Jones,45,963 Walker Plains Apt. 626,New Anne,Nebraska,25715,123.348591,1.853682
Shannon Johnson,30,0788 Watson Rapids Suite 906,Port Derekhaven,Maryland,09034,-67.994302,-24.448922
Krista Salas,52,094 Todd Viaduct Apt. 655,Jamesshire,Florida,48995,-153.300021,39.9990165
Donald Paul,53,88853 Shelby Plaza Suite 170,Coltonstad,Vermont,77399,133.267866,11.709726
Tiffany Johnson,33,11625 Jessica Unions Suite 663,East Ericstad,Missouri,51181,49.813148,-29.291623
Nathan Dunn,59,88592 Reese Court,Sharonfurt,Maryland,45903,-149.538875,8.015717
Robert Roberson,28,65967 Margaret Walk,Hernandezmouth,Iowa,23567,93.204699,56.688239
Melissa Walker,34,76949 Scott Dam,Scottside,Wyoming,81777,172.771583,48.147570
Julie Palmer,46,75830 Smith Fort Apt. 967,Lauraburgh,Wyoming,51327,130.798526,-4.0609845
Denise Davis,75,71404 Shannon Groves,North Amber,Indiana,52528,3.972603,88.309261
Janice Horne,45,222 Woods Prairie,New Charles,Alaska,79617,-72.665644,31.392187
David Aguilar,75,522 Simon Spring,Blairtown,New Mexico,95188,149.765711,39.7277565
Cathy Johnson,30,581 Charles Extension,Port Charles,Virginia,21298,-94.481548,7.749090
Lori Osborne,75,7904 Barbara Flat Suite 571,Jonesland,Kansas,99004,-4.793033,62.129607
Sandra Carson,63,25399 Rodriguez Alley,East Donna,Wisconsin,56574,-9.840861,-1.9000975
Drew Valencia,54,63197 Rita Views,North Matthewshire,Indiana,78593,-31.143948,-57.475789
Sara Mcgee,54,164 Whitney Point,Carolton,Illinois,31342,-159.857395,35.9917935
Kelly Brown,31,6633 White Union Suite 131,Santiagoberg,Delaware,37933,-95.490175,-21.3829075
Dwayne Swanson,54,915 Justin Freeway,Jamesmouth,New Hampshire,00930,131.871551,33.8293755
Cheryl Terry,60,31494 Bates Park,Harrisonborough,Texas,14577,-91.790422,-26.612213
Virginia Lane,63,884 Renee Trail,Danaland,Texas,23795,-8.658985,-31.3865045
Mr. Kenneth Taylor,72,63499 Murphy Radial,Anthonyton,Alabama,11877,-79.255093,-80.965328
Joshua Lamb,80,946 Wilson Row Suite 726,West Kimberly,New Jersey,88701,-173.258820,76.1361475
Wesley Martin,28,712 Amber Village Apt. 023,South Jennifer,New York,04848,107.478418,-87.522987
Jose Ellison,37,1021 Miller Parks Suite 361,New Nataliemouth,Ohio,37907,-37.857247,77.9494745
Travis Bean,51,7150 Pope Crossroad,Lake Lisa,Connecticut,77167,-22.745518,-69.709774
Curtis Mcdaniel,19,8977 Williams Burgs Suite 596,Choiside,Virginia,80245,45.618314,-86.945546
Tara Mullins,60,87897 Romero Skyway Apt. 302,Port Jasonside,Tennessee,25127,-107.017115,1.104707
Kevin Cervantes,34,24632 Austin Canyon,Port David,Ohio,92894,-53.642715,27.475400
Stephen Clayton,18,2753 Hunter Parkways,New Jasonhaven,Connecticut,70158,-164.851406,-37.9109805
Dylan Blankenship,74,1236 Stewart Place Apt. 059,Lake Deborahmouth,Washington,97212,108.350416,84.818260
Joel Heath,66,8869 Rubio Motorway Apt. 912,East Gregory,North Dakota,85535,50.074029,19.782208
Darren Garcia,41,534 Turner Avenue Suite 353,Lake Joshuaport,South Carolina,58150,-12.192856,-84.1739535
Jonathan Ferrell,58,79728 Mcgrath Ranch Suite 297,Spencestad,Kansas,87478,136.973757,-33.067416
Diana Montgomery,63,134 Hall Corner,Millerside,Utah,96743,-6.557546,10.793361
Joshua Barnes,73,7958 Medina Hill Apt. 580,Bakertown,Massachusetts,42458,21.176227,-43.098607
Robert Daniel,27,1922 Fernandez Fort Suite 257,Medinafort,Hawaii,01207,117.065831,-25.938619
Charlotte Cook,29,9392 Morrow Spur Suite 890,Harveyland,North Dakota,33479,-109.070782,1.3483065
Sarah Love,50,178 Cook Passage Suite 939,Tonyamouth,Nebraska,72154,-34.284322,-87.8558175
Joseph Hall,72,189 Brianna Fork Apt. 104,Port Gregoryberg,Maryland,61514,-94.998128,-74.546283
Brandon Lopez,67,8573 Kelly Trafficway,Matamouth,North Carolina,03006,103.893620,23.285989
Joseph Campbell,60,150 Gaines Knolls Apt. 025,New Evan,Nebraska,29104,-154.437721,-64.807859
Abigail Suarez,32,0390 Tyler Mill Suite 895,Allenside,Washington,44820,105.360995,28.7729205
Jason Miller,73,41076 Jason Burgs,South Gregoryland,West Virginia,29208,13.839999,77.981233
Mary Thomas,43,05327 Mark Grove,South Katiehaven,Alaska,53498,-72.040680,-65.877729
George Martin,71,914 Frazier Court,Robinsonmouth,Nebraska,13319,-60.086433,-32.410173
Jessica Flores,50,6384 Gregg Common,Jefferyfort,Connecticut,38987,-0.063502,-24.394299
Juan Olson,37,3542 Justin Shoal Suite 728,Andersonmouth,Utah,73424,122.297099,39.324703
Angela Mcfarland,28,6567 Ayala Brooks,North Steven,Virginia,03813,79.254940,87.4426585
Martin Pineda,55,30170 Patrick Canyon Suite 976,Port Kenneth,Texas,92366,-104.980399,-56.352457
Gregory Kirby,65,788 Durham Stream Apt. 285,East Julie,North Carolina,78101,-17.245727,13.561164
Kristen Terry,23,2525 Osborne Meadows Apt. 707,Ferrellview,Rhode Island,10770,63.448314,31.288975
Manuel Jackson,55,75703 Katrina Ports,South Tiffany,Oklahoma,00599,-108.703923,62.191098
Natalie Hernandez,40,228 Charles Stream Apt. 546,New Gregorybury,Michigan,97597,-109.746233,-67.6106815
Willie Stevenson,66,2010 Tina Via,New Tylermouth,Michigan,40760,165.952806,-17.7644165
Vanessa Greer,46,7756 Peter Estates,Wheelerstad,Minnesota,56962,88.227481,-5.8976075
Mitchell Campbell,76,6191 Tyler Light,Jaredland,New Hampshire,53048,152.025679,-42.2618605
Casey Alvarez,68,533 Daniel Trail Suite 324,West Jessica,North Carolina,25344,-142.846411,59.6909035
Susan Hernandez,64,847 Jackson Mountains Apt. 440,Williamsfurt,Nebraska,20878,-101.019621,-57.658468
Lauren Keller,37,29404 Ronald Keys,North Jenniferport,Arkansas,35234,-110.189402,57.941065
Diana Bryan,26,322 Austin View Suite 993,North Lucasburgh,New York,99234,39.259738,11.646486
Kim Sanders,33,8886 Rachel Glens,East Abigail,Alaska,49221,118.411745,-40.370768
Amber Hunt,46,7938 Jason Falls Apt. 110,South Michael,Maryland,21694,62.176686,38.241275
Kaitlyn White,62,4393 Watson Drives,Port Nicholas,Delaware,48862,-43.890258,25.8852295
Samantha Bowman,70,616 Larsen Hollow,Lake Sherry,South Carolina,07173,-26.301170,-21.3856585
Sara Rubio,51,050 Gregory Passage Apt. 188,South Karenport,Wisconsin,61371,-1.282209,-83.2774995
Joanne Campbell,22,11905 Williams Run Suite 753,New Ianmouth,North Carolina,73685,67.749259,-18.0830225
Michael Rivers,65,7777 Wolf Orchard Apt. 963,Tonychester,Minnesota,50655,155.706440,-5.7731965
Charles Cooley,62,5119 Sonya Cliff Apt. 664,New Cheyenneshire,Kentucky,81541,-32.495460,87.054422
Candice Rivas,75,1398 Phillips Plains,Marcusstad,Florida,47844,-22.033900,-44.214109
Victoria Reynolds,64,0431 Hickman Plains,Vargasmouth,Missouri,07568,4.828411,-69.950507
Michelle Smith,54,99706 Cooper Green Suite 434,Lake Pamela,West Virginia,62495,-74.969057,-30.6636165
Brenda Walls,43,6403 Carol Ridge,Hobbsville,Oklahoma,24385,165.916974,56.2638115
Tina Pace,23,250 Allen Grove,South Kimberlymouth,Hawaii,96455,-134.063510,-18.276196
Christy Boyle,60,68670 Cochran Islands Apt. 140,Caitlinfort,Missouri,06081,154.830155,64.6267055
Kristen Smith,50,141 Montoya Haven,North Jamiefurt,Illinois,28837,105.271240,3.615386
James Mclaughlin,30,048 Timothy Branch,West Calebfurt,Michigan,92305,37.064685,-71.396035
Susan Guzman,68,779 Karen Court,North Zachary,Kentucky,63844,24.205280,24.386708
Diana Hill,42,764 Rachel Lakes,Port William,North Carolina,97536,125.590483,-30.0045335
Jasmine Simpson,21,2405 Jeffrey Corner,Shellyside,Arizona,98481,-89.442049,47.769241
Teresa Reyes,49,0589 Marks Oval,Gonzalesmouth,New Mexico,13687,-25.999963,-50.015893
Darren Ellis,61,1031 Hunter Gardens,Richardview,Arizona,94538,127.246376,69.9440625
Benjamin Cunningham,57,62188 Penny Walks Apt. 473,Jenniferbury,Connecticut,95884,-113.862368,-4.138018
David Baker,61,5174 Maynard Mall Suite 553,Jerryburgh,Virginia,25845,142.271475,24.5555055
Denise Day,27,259 Hampton Groves Apt. 254,East Erin,California,06145,55.755231,7.150007
Thomas Jones,48,698 Michael Underpass Suite 254,West Derek,Maryland,33045,0.055270,-27.8668585
Lori Payne,28,738 York Cliff,West Kristen,Massachusetts,15052,-106.307092,84.0341185
Mitchell Bryant,47,272 Rodriguez Square Suite 352,Jordanton,North Carolina,87175,123.510205,42.8300715
Rachel Brooks,42,909 Lopez Cliffs Suite 025,East Matthew,Illinois,29926,-151.986079,25.569834
Kevin Garcia,42,31948 David Highway Suite 076,New Samanthaport,Florida,17147,13.675818,-2.9834455
Dale Morrow,80,796 Bernard Mount,North Matthewstad,Montana,58392,118.762034,-39.925487
Cathy Russell,79,3742 Holly Spurs,Kirbychester,Ohio,87232,72.087448,-29.3616185
Yvette Bass,58,736 Alvarado Views,North Michelle,New York,63476,-178.183805,21.962129
Hunter Perry,36,6063 Silva Crescent,Patriciashire,New York,85869,91.841666,-26.654640
Beth Hall,32,043 Trevor Fort Suite 667,South Sonia,Missouri,83436,-134.939187,-80.4539775
Angel Carpenter,38,21411 Barnes Junctions,Lawrencemouth,South Dakota,59460,97.975609,71.627109
Sarah Ellison,63,06205 Phillips Locks,South Donnaside,Massachusetts,49622,-137.963338,53.9317085
Garrett Hernandez,77,166 Maynard Rapids Suite 575,Jenniferview,Montana,32296,-95.274490,-16.2020985
Mary Coleman,25,7648 Fox Ports,Lake Danielview,Indiana,14595,-12.695204,89.322892
Nicholas Richards,64,053 Kevin Summit,Lindatown,Maryland,01885,-62.939604,86.1299145
Laurie Kennedy,45,85902 Anderson Rue,South Stevenbury,South Carolina,27893,-48.605547,-81.9694755
Megan Hall,35,6261 Simmons Club,Kathyberg,Alabama,04662,167.190111,-45.0249455
Michael Frost,78,117 Michael Mountain,Port Nicholechester,New Hampshire,27003,-176.145793,2.3174115
Mr. Robert Gutierrez,61,10752 Matthew Field Apt. 335,East Ashley,Kansas,93333,16.403376,-32.766420
Miss Tami Jones,41,523 Allen Fords,Thompsonborough,Georgia,04189,-64.596597,50.0331715
Sara Oneal,72,5112 Shelton Shores Apt. 453,Duncanshire,Texas,81680,100.340397,4.5007465
Carlos Smith,39,36603 Katherine Unions,Smithshire,Pennsylvania,37581,-20.515121,12.972415
Lawrence Hubbard,68,9432 Aguirre Ridge,Tonyfort,New York,25763,-78.451294,-18.568380
Alex Gilmore,69,84164 Aaron Island,South Kevin,Florida,85678,24.457196,-52.2146405
Justin Torres,45,083 Grant Courts Apt. 513,Lake Nicole,Arizona,41322,-158.043692,-48.6309835
Sarah Hall,58,90894 Duncan Inlet Suite 400,Garyfurt,North Dakota,18332,-18.817635,10.4434475
Aaron Valdez,56,218 Jackson Neck Suite 167,East Tammiemouth,Hawaii,12940,110.104995,-11.080338
Andrea Wilson,78,20284 Alexander Forge,Villaland,Arizona,40665,88.591108,-55.027907
Miranda Leach,37,420 Cody Place Suite 259,New Joshua,Pennsylvania,58510,136.727617,38.7880155
Michael Johnson,42,03014 Ramirez Park,Chloehaven,Louisiana,23493,-64.283965,-27.589114
Jacob Smith,30,1436 Nguyen Park,Port Olivia,Tennessee,98063,52.709394,76.3499335
Paula Hunt,41,762 Wells Centers Apt. 165,Debbiehaven,Wisconsin,84029,149.483362,6.518640
Scott Rodriguez,50,90709 Hill Garden,West Eric,Georgia,47388,-140.771016,-57.7256615
Gregory Hayes,32,599 Nelson Rue,Turnershire,Arizona,92725,-23.816310,25.333620
Jon Donaldson,42,00864 David Port Apt. 553,Nancyland,Washington,98306,113.205466,44.3357765
Alicia Smith,37,2863 Christian Alley,Port Anna,Montana,46546,17.356153,-2.948978
George Mendoza,73,25610 Williams Junctions Suite 593,Kimstad,Ohio,98713,-28.093178,14.117123
David Jackson,39,660 Kelsey Crossroad,New Denise,Arizona,22325,-170.423039,35.3893245
Shawn Miller,73,23467 Stevens Village Suite 975,Kevinbury,Tennessee,10106,159.764429,-47.417384
Eddie Wolfe,23,8336 Patrick Manor,East Tamara,Mississippi,77888,170.937373,15.561814
James Bowman,65,6314 Wood Canyon,Lake Sethchester,Connecticut,64065,30.523635,80.3415705
Jeremy Williams,68,65284 Gonzalez River Suite 851,Lake Kevinton,Arkansas,58986,123.800172,-1.4955655
Brandon Lopez,31,6223 Curtis Prairie Suite 228,Lake Cynthia,Washington,02812,-14.991817,46.2905335
Patricia Irwin,51,01667 Melinda Expressway,Onealborough,Colorado,92909,-83.735152,-15.488089
Michael Robertson,20,480 Ryan Junction,Geraldville,Nevada,88527,-31.596045,-13.384399
Amy Wolf,55,6721 Michelle Squares Suite 876,Johnchester,Wyoming,12890,-137.984466,79.6791225
Angela Martin,62,7213 Avery Club,North Christopherport,New Hampshire,43173,-139.985716,-89.9695135
Susan Lyons,56,6636 Kevin Passage Apt. 443,Lake Matthewborough,Hawaii,84156,59.146003,80.1449275
John Chambers,52,92636 Bell Course,New Rhonda,Pennsylvania,53804,-145.563597,-33.532759
Sandra Joseph,75,50768 Jason Centers Suite 640,Matthewmouth,Massachusetts,87513,-72.309178,-29.547440
Bailey Mclaughlin,31,375 Lucero Stravenue Apt. 333,Lake Alan,Arkansas,45396,-129.307933,24.961972
Kathryn Williams,71,5325 Jordan Ranch Apt. 365,Floreston,Illinois,98113,143.131322,-53.2105935
Jake Ford,56,810 Laura Extensions,Lake Leslie,Louisiana,87876,-68.158951,27.7667035
Michelle Tyler,80,721 Alvarez Fork,Jensenview,North Carolina,02011,176.237088,45.4232815
Vincent Smith,73,374 Robert Brooks Suite 160,Riverabury,New Mexico,36091,3.132448,-28.8531935
Eric Alvarado,60,667 Fox Parkway,Chelseamouth,Wisconsin,02161,47.280585,30.2290975
Patricia Robinson,76,73408 Adkins Fort,North Georgeborough,Iowa,81435,95.599494,59.4966685
Kenneth Lopez,67,9677 Eric Valley,Warrenview,Alaska,38701,-101.550076,-57.2915405
Gina Lopez,49,161 Black Extensions,Kaylahaven,Rhode Island,06737,134.016762,-37.018456
Kristy White,22,7222 Michael Parkway Apt. 479,West Angela,Maryland,43336,-175.788100,50.537796
Eric Schneider,28,9779 Sarah Heights,West Jessica,Nebraska,69466,57.759302,-43.399426
Jennifer Williams,31,3898 Cristian Squares Suite 194,Codyland,Maine,19959,142.875545,-36.6064775
Jennifer Horton,52,54721 Samuel Lakes Suite 458,Port Louis,Vermont,78745,-73.081973,-37.894787
Amy Castaneda,55,984 Sandra Fields,Morenoside,California,40403,-31.496114,68.3747945
Cindy Walker,51,645 James Manors,Jenniferview,Pennsylvania,88839,175.294788,-68.945793
John Mendoza,22,02407 Martin Valleys Suite 695,Campbellbury,Delaware,05829,-135.787583,61.197524
Carolyn Parks,23,5676 Tyler Gardens Apt. 737,Rogersberg,Florida,42330,47.352976,-21.2935625
Lindsey Williams,45,2147 Brenda Crest Suite 416,Hughesbury,Minnesota,53557,5.154128,-4.197317
Christina Horton,62,350 Phillips Grove,Christinafort,Idaho,84428,68.995513,-75.745407
Jay Pollard,66,777 Lisa Plains,New Lisafurt,Alabama,64781,-67.490476,-36.5713405
Sandra Holland,66,11519 Bradshaw Shore Apt. 120,Brownport,New Hampshire,67363,-167.564678,-60.017522
Elizabeth Bush,41,037 Pam Brook,Curtiston,Michigan,28997,-19.484974,-3.5517755
David Malone,45,4810 Scott Rapid Apt. 541,Port Leslieside,Arkansas,78365,152.989390,-83.588557
Mark Phillips,22,013 Jared Groves,Joseton,Washington,55347,-95.197483,-86.180500
Nancy Williams,39,173 Christopher Fort,South Mikayla,Delaware,09004,-152.496102,-46.5855575
John Shaw,56,35834 Dana Prairie Apt. 357,Anthonyfurt,New Mexico,55585,-65.140830,82.452452
Michael Schmidt,49,22011 Sarah Avenue Suite 627,Katrinastad,Wisconsin,83662,27.693822,-89.9665045
Jennifer Arnold,66,2207 Williams Burgs,West Daniel,Alaska,42405,55.592551,48.2698545
Edward Santiago,19,05908 Ryan Road,East Hollyberg,Louisiana,46219,20.822588,-55.448041
Timothy Pittman,61,53613 Tanya Street Suite 566,Lake Richard,Wyoming,71863,-33.616698,-56.9931005
Stephanie Cunningham,78,6032 Anthony Crossroad,West Brandi,Alabama,38922,165.909146,2.283980
Rachel Brown,69,8384 Smith Forest Apt. 678,Carpenterton,Montana,53619,75.266391,-14.534260
Penny Anderson,62,53414 Jacob Ridge,Lake Megan,Vermont,20060,-166.103359,34.517984
Eric Jones,63,953 Brian Throughway,Grayborough,Virginia,99495,-4.926152,8.5239235
Kimberly Obrien,29,423 Nicole Valleys,Hamiltonchester,Iowa,03623,-150.344896,-46.335023
Shawn Williams,43,89876 Cox Alley Apt. 447,Klineview,Wyoming,72119,157.602982,79.331056
Harold Smith,61,78393 Brock Squares Suite 928,Olsonbury,Connecticut,42371,-1.161301,84.105185
Michael Harrison DVM,27,4356 Davis Drive,Michaelmouth,Texas,37653,129.354597,-31.081600
Christopher Cummings,68,1002 Brown Lakes Suite 442,Matthewmouth,Vermont,08783,-153.659677,-16.5623015
Alexander Turner,29,5882 Mendoza Oval Apt. 418,Sandraberg,Georgia,83964,20.915146,-41.6805915
Crystal Carroll,48,20006 Jennifer Field,Scottmouth,Vermont,97542,167.173045,4.2021325
Christian Smith,23,92507 Miller Estates,East Jamesbury,Arizona,54370,43.741428,-63.515759
Ana Gray,58,5864 Chang Plain Apt. 204,North Melanie,Ohio,01335,160.027165,26.605067
Willie Hopkins,55,556 Beth Ridges,Port Scott,Oklahoma,56838,33.361444,-82.8058545
John Lopez,36,88365 Brandon Ville Suite 399,Lucasshire,Wyoming,88246,-111.584104,-85.5720455
Robin Anthony,78,1338 Huber Spring Apt. 875,Port William,Georgia,38141,-29.928378,-85.6956665
Annette Guerrero,78,41877 Frank Mills,Alfredberg,North Carolina,29080,166.628617,21.055233
Ryan Pierce,20,22216 Lawrence View Apt. 727,Christinaville,Hawaii,56258,-39.226844,12.576415
Paul Clark,73,6979 Gutierrez River,South Erika,Tennessee,45050,-72.339053,-89.5172175
Diana Collins,44,6554 Kirk Court Suite 025,Johnville,South Carolina,28692,-139.574679,36.552853
Gloria Martin,34,48374 Watts Corner,Raymondport,Delaware,69137,-175.904711,-38.7342765
Xavier Hernandez,66,07398 Darrell Crossing Apt. 722,Harrisland,Idaho,08249,172.085226,33.4091685
Belinda Murillo,32,63177 Elizabeth Islands Suite 964,Martinstad,Louisiana,16278,-144.464079,-12.037705
Christopher Cooper,53,2304 Dylan Prairie Apt. 705,North Amber,Oregon,09838,104.329929,28.5585525
Brittany Holland,61,078 Paula Island Suite 939,South Lisafort,Nebraska,43745,-156.595131,-85.9903535
Ashley Williams,53,96619 Rodriguez Plain,West Shellyport,Mississippi,09156,-141.718074,-26.092650
Brianna Stark,28,93845 Deanna Rue,Michaelland,Arizona,76960,-83.946207,13.2539735
Kyle Barnes,54,5255 Morrow Circles Suite 958,North Taylorberg,Montana,04327,-158.655635,-23.7438925
Alicia Campbell,49,722 Jeffrey Land,Longland,Massachusetts,13876,67.165620,67.499533
Mr. William Dillon III,67,811 Carter Spur,Foxburgh,Iowa,05743,71.246826,-25.5372865
Raymond Evans,63,79606 Price Mill,East Brianchester,Montana,04567,-94.780128,-89.6914585
Justin Wong,58,8486 Nelson Gardens Apt. 328,West Deborahhaven,Illinois,84283,158.782866,81.699364
David Bruce,23,33896 Miller Mountains,West Brettbury,Montana,25495,-75.433149,54.1787905
Jennifer Harris,49,6930 Acevedo Unions Apt. 041,East Martha,Oregon,60078,-167.818131,-5.1194285
Sandra Flores,79,876 Fuller Mall,South Jenniferbury,Alabama,09367,127.049973,-33.9119145
Helen Boone,75,8230 Fuentes Landing,West William,Missouri,92034,-141.228690,78.5961745
Kelly Jenkins,49,6886 Susan Ways,Port William,Oklahoma,67290,-154.276130,-4.6231475
Dawn Thompson,19,9712 Stanley Parkways,Brownfort,New Mexico,04031,-80.141543,67.410383
Robert Hicks,63,03818 Clark Shoal,North Jenniferbury,Alaska,40901,-115.505790,9.9688295
Lisa Martinez,42,768 Wagner Groves Apt. 187,Wilkersonland,Tennessee,08578,-53.382457,-78.0473175
Jill Sullivan,31,20670 Kelley Harbor,East Tiffanyborough,Pennsylvania,20641,-104.623636,-15.2980565
Ashley Ruiz,67,33334 Elizabeth Camp,East Christopher,Pennsylvania,86220,124.798650,44.2178955
Katie Huff,30,56063 Pitts Green Suite 062,Port Kimberlyport,Oregon,81620,63.887850,2.3583085
Catherine Smith,39,013 Carter Drive Suite 003,East Ryan,Maine,47213,110.528465,34.2523145
Melissa King,59,951 Catherine Key Apt. 388,South Michaelburgh,Ohio,91629,76.449195,55.805055
Jill Tucker,58,243 Jackson Freeway,Jeffreyland,Oregon,28555,85.385696,-62.222313
Sergio Phillips,78,4188 Rose Cliff Suite 253,South Debramouth,Alabama,55082,-168.801093,6.5127735
Emily Garcia,30,4772 Joseph Bridge Apt. 973,Carlsonfurt,Indiana,66127,47.301184,-2.446156
Crystal Rogers,23,68541 Parsons Bridge Suite 981,Kathrynburgh,New York,16508,167.135346,-9.7290715
Lindsey Johnson,39,99458 Edward Parks Suite 091,South Deborahburgh,South Carolina,92300,76.565330,58.2509775
Kristina Pierce,40,79670 Katherine Brook,Michaelfurt,Oklahoma,88321,53.714983,53.6847095
Jeffrey Espinoza,37,964 Matthew Center,South Robertstad,New Hampshire,50807,100.208092,85.855149
Andrew Jimenez,52,181 Calvin Junctions,East Brandonmouth,New Jersey,50581,10.026844,63.799292
William Watts,33,490 Knight Walks Apt. 580,Lesterland,Rhode Island,18929,8.953933,10.1500225
Jerome Jones,37,663 Carrie Ramp,South Dylan,South Dakota,64336,31.641122,-45.7453295
Gabriel Miranda,30,6995 Michael Road,Juliemouth,Nebraska,53759,73.334541,38.661542
Kimberly Taylor,52,51071 Raymond Village,Lake Tonya,Connecticut,54644,9.008878,-46.2149255
Alexander Goodman,26,4085 Alex Manor,Lake Brendamouth,Oregon,82637,54.496266,20.6370345
Patricia Cantu,25,779 Drew Hills,West Linda,Vermont,59859,125.309670,-6.349213
Joseph Wilson,53,069 Roberts Fork,Joestad,New Hampshire,67459,-171.237053,-27.5535855
Rickey Long,48,098 Laura Flat,South Nathanielfurt,Indiana,18133,137.118393,-54.612556
Matthew Williams,49,818 Rogers Trail Suite 380,Randallchester,Kentucky,20588,110.359618,-5.760587
Heather Perry,30,589 Zachary Station,South Allison,Massachusetts,19067,-146.988532,-82.0426065
Natalie Rogers,61,64963 Ronald Square,Port Teresa,Florida,01545,72.955046,69.6012855
Marcus Martinez,34,37993 Curry Circles Apt. 776,Johnville,Arkansas,61759,119.051939,-25.640465
Monica Scott,39,59319 Janet Cape,Lauramouth,Nebraska,52554,-30.032924,65.862255
Shelby Brooks,42,5792 Johnson Mall Suite 966,South Ryanstad,Massachusetts,53138,82.856791,-61.776597
Melissa Robertson,29,4248 Sexton Flats Suite 235,Kimberlyville,Pennsylvania,98621,144.300330,79.464011
Jeffery Harper,49,4803 May Mountains,Michaelbury,Idaho,02389,-106.021562,37.9296405
Jennifer Jennings,54,46027 Daniel Forge,Port Jennifer,Texas,47963,23.693295,-44.0944625
Larry Smith,30,002 Tracie Plaza,North Julian,Indiana,50213,-53.462538,81.642547
Faith Everett,79,884 Amber Fields,New Jacobbury,Oregon,72477,89.763283,-33.353494
Meagan Morgan,41,35494 Brad Fields Suite 340,West Lindsayshire,Oklahoma,47747,-106.832644,8.8993025
Amanda Miller,61,74478 Perry Dale Apt. 499,West Lisa,New York,50779,-8.431058,-27.6081165
Sheila Robbins,50,413 Jackson Via,Camachoburgh,Kansas,07769,96.194628,73.002982
Carolyn Gonzales,35,551 Jessica Plaza,West Leslieport,Washington,65347,-22.672347,-77.930310
Daniel Buckley,73,688 Brittany Way,Adamsshire,South Carolina,15287,-0.966096,-35.6642165
Courtney Martin,18,3208 Garrett Squares,North Thomas,Massachusetts,99138,143.967507,17.250577
Heather Wagner,75,57648 Arnold Ville,New Melissaside,Massachusetts,78073,-72.750254,-23.811267
Renee Jacobson,22,04199 Campbell Shoals Suite 145,Port Christopher,Florida,07087,-19.909036,15.2154925
Jennifer Diaz,44,076 Adam Path Apt. 759,South Julie,Texas,94785,-96.445190,-35.2362755
Terry Hobbs,40,06772 Marilyn Street Apt. 925,Lake Christophermouth,Rhode Island,91365,17.467284,-81.734963
David Sharp,30,593 Rita Spring Apt. 564,Timothyshire,New York,00877,-20.849688,89.353109
Jeanne Macias,33,032 Callahan Ridge,East Philipborough,Montana,12178,-87.077709,-44.617275
Joy Gonzalez,57,11171 Mata Village,Dillonshire,Virginia,20970,45.406885,-73.285565
Cynthia Hayden,42,19360 Fischer Ranch,Lake Robertview,Louisiana,06018,-56.141991,-32.8323255
Anthony Smith,73,609 Mathews Coves,Paulfort,Kansas,49347,156.138534,-47.0273545
Mr. Robert Conley,49,1593 Johnson Park Suite 061,North Lisamouth,California,51819,113.358353,-54.1254915
Mr. Robert Cruz,32,16887 Willie Forks Apt. 839,Brightfurt,South Carolina,10016,90.794404,24.577438
Terry Owens,35,2941 Julie Oval,Suttonburgh,Maryland,98612,60.785870,74.313002
John Sullivan,72,5176 Rogers Roads,Christopherburgh,Minnesota,71065,-51.964872,47.9617535
Tim Zuniga,69,45036 Sandra Parks Suite 324,Michaelmouth,Alaska,03120,45.020350,81.559459
Marc Dixon,57,38834 Robinson Dale,Craigtown,Indiana,54239,-179.442609,72.302154
Jennifer Day,33,782 Phillips Creek Suite 200,Hillfort,Illinois,67334,86.108328,-41.943173
Jessica Mendez,65,328 Stephen Canyon,Wagnerstad,New York,20478,134.855728,24.942479
Destiny Smith,73,7757 Erin Meadows Suite 019,Ericburgh,Montana,55630,-5.376615,-32.9236785
Kayla Gray,54,17761 Raymond Coves,Kelleyburgh,Iowa,07837,61.201975,73.270677
Ronald Marquez,47,566 Danny Center Suite 974,New Paulamouth,North Dakota,11960,72.266093,29.3554055
Lisa Garza,50,07046 Ryan Mountains Suite 411,West Lisaborough,Kentucky,32970,169.766708,-89.3599745
Bethany Carpenter,51,280 Erik Expressway,Ronaldshire,Florida,20107,-148.789469,-80.7367985
Patrick Williams,46,1114 Sharon Neck,Normanstad,Delaware,02898,-76.435836,69.128965
Michael Buck,62,037 Fox Port,East Jameston,Vermont,43306,136.571158,60.156610
Edward Russell,27,31501 Nathan Port Suite 354,Leefurt,Nevada,86802,129.256853,-76.166880
Paul Johnson,70,55933 Dominguez Brooks Apt. 327,Port Shelley,Mississippi,07457,-65.713836,68.7733785
Donald Evans,60,444 White Isle Apt. 382,Weaverport,Nevada,53374,16.685721,-20.2329885
Dean Randolph,59,26944 Brandon Mission,Kingstad,Kentucky,76477,-61.616417,-76.7197995
Thomas Fernandez,66,9335 Smith Way,Port Anthony,New York,72108,-89.803226,-49.059932
David Welch,55,243 Philip Dale Suite 303,Michaelhaven,South Carolina,93902,-168.102089,54.681508
Angela Johnson,64,5620 Lisa Spurs,West Shawnborough,Rhode Island,91150,162.285308,30.9048735
Paul Mccoy,80,47503 Christine Lodge Apt. 017,West Alexview,Wisconsin,56172,4.390536,-23.291015
Jill Baker,63,6908 Brent Inlet,Port Kathryn,Michigan,71483,-127.362246,51.866161
Aimee Todd,30,608 Murray Isle Suite 636,North Michael,Florida,87960,-54.545485,-80.935135
Shane Bailey,51,02550 Cristina Ridge Apt. 080,Michelleland,Missouri,81235,166.042707,60.7069905
Christopher Watkins,76,4062 Mitchell Bypass Apt. 853,Muellerport,Louisiana,39382,-89.695212,38.3795175
James Jordan,45,274 Pratt Creek,Olivertown,Indiana,86366,98.975408,1.056346
Jeffrey Taylor,31,8825 Kimberly Fords,West Sandra,Indiana,47462,-43.449953,11.971222
Diana Robertson,53,8864 Scott Inlet,Port Destinybury,Oregon,84718,17.212162,-1.354780
Terry West,31,7388 Dennis Harbor,Jasonfort,Idaho,76481,176.131313,81.3284575
Sara Holmes,55,59673 Miller Prairie Apt. 552,Lowerytown,Michigan,97621,164.497239,-35.629886
Emily Harris,23,439 Martin Islands Apt. 593,South Roger,Hawaii,17803,88.002736,-81.1042625
Michael Reeves,59,18124 King Village Apt. 299,Michealmouth,Virginia,67199,-178.284857,5.482302
Thomas Sellers,23,182 Wright Expressway,Ryanport,North Dakota,09528,47.351713,66.1803705
Nancy Forbes,78,478 Paul Place Suite 589,Laurenchester,Idaho,99090,163.994972,36.4141665
Teresa Estes,54,4500 Medina Tunnel Suite 190,Willisborough,Indiana,53531,134.156088,26.891388
Rebecca Wells,52,624 Melissa Village Apt. 450,North Jason,Nebraska,13315,140.370405,77.3444035
Emily Peterson,50,57577 Hunter Greens,Garzaberg,Texas,90834,129.407870,7.2749455
Mr. Jose Andrews,32,72965 Brown Via,Oconnorchester,West Virginia,31551,-1.502025,56.7072405
Jonathan Snyder,47,443 Combs Mews,New Brianachester,Kentucky,65866,-164.633102,-52.6591485
Jessica Wheeler,54,68827 Wright Junction,West Amyberg,Utah,92649,34.700637,22.3902245
Kimberly Harris,77,1878 Alan Ports,Normanshire,North Carolina,18149,-66.655286,8.445740
Aaron Moses,42,69167 Ramos Mews,Lawrenceland,New Mexico,45315,150.950525,42.372987
Wendy Brock,50,230 Jeffrey Crossroad Apt. 141,Lyonsside,West Virginia,87730,-30.412433,58.231270
Jose Bernard,28,656 Robertson Light,West Angelafort,Connecticut,88774,-81.773138,-23.4471235
Warren Mccullough,46,0493 Lopez Manor Suite 983,Fisherstad,Florida,75074,57.726985,88.0271795
Joseph Lee,28,96483 Brenda Lakes,Lake Stephaniestad,Arkansas,88403,57.246880,-0.432599
Erika Wells,70,160 James Alley Apt. 243,Michaelton,Nevada,22592,111.206558,-49.0750705
Christina Smith,29,34578 Lewis Ways,Lake Arthurton,Hawaii,44068,169.601456,2.3291475
Brett Campbell,34,5083 Angela Trail Apt. 199,Garciamouth,Iowa,40666,150.335922,29.2550415
Toni Carpenter,20,343 Katherine Trace,North Laurafort,Wisconsin,83578,-21.662840,0.8142845
Robert Glass,32,7288 Lane Flats Suite 329,East James,North Dakota,44152,77.001532,27.226518
Karen Ross,70,533 Le Creek Apt. 053,Lake Christina,Mississippi,12664,175.906449,-62.833879
Wendy Lloyd,51,84534 Marc Neck Suite 076,East Christophershire,Missouri,48114,-94.356780,64.0613205
Jessica Hopkins,44,214 Ashley Burgs,Johnmouth,Mississippi,80085,-3.145352,-36.5317315
Tiffany Collins,79,12462 Jennifer Gateway,Melissaville,Rhode Island,02674,46.268334,37.055331
Brian Baker,46,869 Robert Mount Apt. 112,Davidchester,Idaho,79042,-10.735587,75.117822
Donna Bruce,61,11497 Wayne Stravenue Apt. 866,Robertsonmouth,New Mexico,16991,32.534556,-32.905236
Kenneth Riddle,58,10190 Jose Fall,New Stephanie,New Mexico,85393,-0.353082,42.9629785
Joshua Jordan,75,5908 Cox Plain,North Chad,Colorado,21873,155.062732,51.7170525
Lauren Anderson,22,31706 Devin Cliff,Lanestad,Wyoming,31089,51.927422,80.594577
Nicholas Curtis,34,64279 Gray Rest,Staciefort,Nebraska,87684,54.035911,-24.4624115
Fernando Ryan,37,705 Valerie Via Apt. 299,West Jennifer,Arizona,58352,-31.348860,36.205476
Christian Reyes,42,696 Murphy Prairie Apt. 236,Timothymouth,Oklahoma,01158,-41.857852,6.2196555
Peggy Wong,39,7962 William Lodge Apt. 205,Port John,Connecticut,09582,44.743621,-52.648521
Clifford Hall,21,149 Stewart Crossroad Apt. 843,Sarahport,Kentucky,71991,173.306884,8.3490065
James Meyer,64,65079 Andrews Lodge Suite 003,South Davidview,Delaware,70116,19.169577,20.957112
Keith Wiley,79,059 Foster Plain Apt. 654,South Jamesland,Washington,53076,68.406070,-50.223404
Bruce Walker,21,1019 Sanford Prairie Suite 437,Chungchester,Arizona,38705,-86.890805,69.5826555
Rebecca Grant,42,8713 Marshall Ridges Apt. 069,Princetown,Rhode Island,59142,-124.810210,-25.982236
Tony Santos,72,3231 Rodriguez Centers Suite 418,Julietown,Tennessee,92562,-8.811544,-88.4180915
Marie Thomas,53,394 Rodgers Run,Toddport,Illinois,33231,-16.222637,61.212616
Jessica Huff,28,2203 Price Drive,Lake Kelsey,Idaho,65137,-91.152184,38.0564935
Meredith Long,67,380 Henry Ways Apt. 176,Robertoport,Kansas,67510,-57.211429,-36.4464705
Cory Gibbs,33,6105 Ramsey Bridge Apt. 999,Kristinstad,Alaska,20388,121.114065,-21.9370525
Benjamin Allen,50,05232 Nicole Flat,Pamelastad,Washington,20685,164.172387,-68.712998
Dennis Browning,42,5897 George Harbor,Bradleyshire,Oklahoma,61405,38.397427,3.4686025
Jennifer Jones,52,811 Lam Summit,Bonniefurt,South Carolina,04038,138.106487,25.7578875
David Hooper,44,031 Foster Meadows Apt. 997,Port Max,Arkansas,65600,27.626187,67.8648765
Dr. Joshua Nolan,39,648 Gabriel Stravenue Suite 032,Jenniferland,Ohio,15162,117.681101,-54.521728
Rachel Benitez,70,39861 Roy Valleys,Simmonsville,North Dakota,35865,21.363791,86.8721185
Lisa Schroeder,53,254 Garcia Unions,South Amanda,Kentucky,21005,-122.657897,-32.1017185
Thomas Cabrera,25,8017 Nichols Roads Apt. 808,New Robert,Oklahoma,01444,36.975501,78.638987
Andrew Lyons,31,11054 Danielle Park,New Erica,Wisconsin,36672,-127.268542,-86.6020435
Bruce Walsh,42,987 Gabriela Street,Curtisview,Vermont,78180,-70.356740,42.485048
Nancy Austin,52,521 Miller Divide,Bautistaside,Colorado,40377,88.947254,-4.278644
David Anderson,43,6437 Patrick Ramp,Karenside,South Carolina,89587,-162.600572,36.5879655
Barbara Curtis,38,45378 Alyssa Viaduct,North Debbie,Colorado,09728,-73.009268,-26.334811
Kevin Miller,75,8959 Amanda Passage Suite 805,Wushire,Rhode Island,98577,91.416152,-17.393900
Curtis Jenkins,55,16646 David Parkways,Sandersfort,Virginia,28656,-20.067240,-72.947012
Kelly Smith,30,5324 Huff Hills Apt. 984,Johnburgh,Tennessee,47600,-169.732273,62.518120
Brandy Vasquez,28,97409 Jessica Dale,Robersonborough,Montana,14952,-69.777229,14.236653
Patrick Martinez,68,844 Shane Well,Schneiderport,Pennsylvania,83245,64.691062,59.294583
Ronald Graham,42,7484 Gray Via,New Barbara,Mississippi,12451,-90.225492,-7.3026515
Peter Salazar,60,734 Christopher Camp Apt. 186,Port Kenneth,Connecticut,10012,-39.253018,-43.570977
Anna Richardson DVM,32,810 Christopher Burg Apt. 290,New Angela,Arizona,20951,-20.429130,47.3647365
Denise Myers,35,9046 Best Knoll,Jeremiahville,Iowa,62016,-16.307397,-84.9057825
William Carpenter,27,12436 Benjamin Rapids Apt. 926,Curryshire,Kansas,98935,145.499711,-33.4921385
David Roberts,51,25954 Kathleen Court,Elaineborough,Alabama,55245,112.007447,-29.9502085
Richard Terry,35,2745 Floyd Highway Apt. 762,Goodmanfurt,West Virginia,90440,-82.721997,48.800077
James Cummings,33,105 Jonathan Crossing Apt. 873,East Jordan,North Carolina,68820,170.158658,-73.0089195
Monique Williams,69,19337 Parrish Island,West Nicolefurt,Nevada,02708,79.801173,13.803863
Patricia Collins,45,373 Smith Trail Apt. 672,Grahamshire,Illinois,98703,-109.527913,-28.0381235
Adam Ward,57,39699 Reynolds Coves Apt. 752,Sheilaburgh,Arizona,78133,119.829370,58.242062
Donald Henry,33,3017 Gibson Isle,Port Jonathan,Wyoming,39620,-111.085918,-77.8693455
Kimberly Smith,71,11833 Long Branch Suite 998,Priceshire,Ohio,08479,157.468681,-50.944535
Jennifer Foster,29,32804 White Tunnel,Dunnborough,Arizona,54509,-36.356446,-29.696883
Dale Hill,48,433 Calvin Springs,North Angela,Mississippi,36095,-80.809803,-29.927484
Christina Parker,63,8220 Ronnie Lake,East Thomas,Arkansas,70218,15.702754,47.378122
Sarah Boone,28,7809 Simpson Brooks,Stephenfort,West Virginia,16529,132.621673,-53.5813665
Cynthia Silva,54,6970 Torres Tunnel Apt. 425,South Christinastad,Tennessee,28410,-42.611684,-5.3801245
Laura Maldonado,34,88450 Williams Inlet Apt. 658,New Bryan,California,74078,-35.977965,23.4067075
Jeremy Murphy,63,6998 Isaiah Freeway,North James,Georgia,26409,-178.025797,-13.519262
Stacy Harris,61,22120 Collins Common Suite 673,Peckchester,Kansas,64897,-177.960409,55.908167
Ronald Nguyen,54,11068 Shaffer Squares Suite 422,West Thomaschester,Minnesota,41729,91.244219,19.5345035
Timothy Donovan,29,977 Lori Port Apt. 103,South Stevefurt,Louisiana,85722,127.223543,-28.690639
April Ballard,78,7026 Greg Stravenue,Lake Williamfurt,Nevada,50162,45.674113,11.007504
Emma Garcia,56,5250 Ruth Tunnel,East Deborah,Idaho,22640,-17.625085,-43.794094
Taylor Beck,51,909 Brown Hills Suite 962,West Michael,Wyoming,16065,-9.974248,34.978203
Carol Lawrence,79,472 Patricia Hills Suite 205,South Meredithview,Texas,18760,121.759590,29.516950
Tiffany Park,66,25650 Leslie Brook Suite 533,New Rickychester,Massachusetts,80666,-60.061100,50.381988
Michael Jones,72,539 Jacob Stravenue Suite 577,Tonyberg,Massachusetts,83051,63.339185,-65.4315445
Brian Hernandez,23,4734 Stephanie Lane Apt. 436,Smithmouth,Kansas,85632,16.273357,-43.5943665
Michael Johnson,46,21939 Maria Ford,Greenstad,Alabama,52283,40.008627,31.7464725
Misty Wright,74,2156 William Trafficway Apt. 490,Port Deborah,Colorado,67505,170.793290,7.4159495
Wendy Booth,55,2666 Moore Court Suite 042,Michaelport,Illinois,51343,114.904637,61.217319
Charles Berry,76,69993 Diana Burgs Apt. 823,Maddenside,New Mexico,52708,-97.837304,-66.5135375
Sarah Joseph,23,02044 Becker Passage Apt. 108,New Melissa,Utah,57608,-109.991936,-23.7782915
Amanda Carlson,55,0548 Michael Mills Suite 459,Youngtown,Pennsylvania,13226,-139.113912,-11.935564
Abigail Black,57,51617 Nicole Mountain Apt. 462,Rhodesbury,West Virginia,35758,9.377347,72.6619245
Anna Zavala,56,405 Michael Turnpike Suite 220,South Ronaldland,Oklahoma,12572,172.437511,-89.250722
Michael Anderson,57,33415 Eric Orchard,Robertchester,Texas,66321,164.496703,-16.5807755
Kayla Roach,62,5812 Taylor Parkway Suite 146,Lauraport,Arizona,14841,136.711667,-78.0502255
Erica Wyatt,65,487 Davis Shoal,New Tristan,Colorado,61531,86.426420,27.541039
James Morrow,35,116 Jennifer Hill Apt. 973,Belindaport,Georgia,37082,36.350881,3.1207905
Jennifer Ford,40,05161 Ronald Via,Ericburgh,Florida,23906,-174.967494,-55.786357
Brandon Duran,24,903 James Tunnel Apt. 922,Smithberg,Alabama,65312,-152.050443,-44.658167
Tammie Spencer,33,8149 Katherine Ranch Suite 955,Johnshire,Alaska,45991,-99.526074,4.7175235
Tina Gardner,34,85278 Ashlee Run Suite 912,Stevenbury,New Mexico,03601,-43.726328,-7.626936
Peter Hardy,70,88632 Diane Dam Apt. 677,Yangshire,Nebraska,48650,169.841097,22.6919685
John Hunt,22,721 Frank Walk Suite 143,Potterton,Georgia,08630,-110.326470,0.873057
Logan Young,18,504 Kyle Greens Suite 305,New Jessicatown,Maine,36738,178.066694,50.8050625
Diana Turner,42,17624 Michele Spring Apt. 439,North Angela,Vermont,98176,9.377830,77.8963075
Regina Gordon,71,60075 Reyes Park Suite 800,Garzashire,Oklahoma,10514,131.021481,-76.0707645
Michael Mcfarland,27,12790 James Green Apt. 880,South Dianemouth,Hawaii,33762,-96.470900,60.0294365
Kathryn Smith,27,247 Fisher Coves,West Ryan,New Jersey,99432,71.575122,7.4093045
Erin Jackson,26,51791 Oscar Stream,Lake Sarahport,Michigan,47307,-32.495082,-84.113759
Stephen Townsend,50,361 Antonio Light Suite 814,Youngchester,Ohio,81492,119.798708,-40.0212765
Jill Mcdonald,62,9194 Riley Inlet Apt. 379,Jonesmouth,West Virginia,86088,-120.559791,-75.9154605
Caitlyn Bender,78,1703 Lee Plain,Lake Theodorebury,Rhode Island,25220,141.783773,40.9443265
Jeremy Berry,54,075 Edward Vista Suite 088,Dillonborough,Oregon,29458,-7.792498,41.614682
Travis Cook MD,62,35442 Amanda Estates Apt. 130,Katherinetown,Wisconsin,75504,-13.435129,-49.3563565
Kevin Gray,80,6843 Garrett Island,Lake Chadhaven,Mississippi,10847,121.701309,-14.492041
David Mills,30,18202 Angela Views,North Danielchester,Nevada,38205,-2.666745,65.828336
Clayton Turner,61,666 Mata Drives Suite 394,New Michaelport,Rhode Island,30860,-99.658467,-29.3014175
Paula Suarez,42,824 Werner Plaza,Brianfort,Delaware,39445,-31.771177,-22.525960
Joseph Michael,20,853 Paige Lock Suite 057,West Wendyhaven,Oregon,79164,113.047718,-62.355089
Ricky Lyons,42,8332 Ray Fields,Port Matthew,Utah,63401,96.887451,-74.751609
William Bell,53,7565 Murray Ridge,Lake Timothy,Alabama,65200,-114.875443,47.3815265
Matthew Gross,33,968 Cox Locks Apt. 535,Andersontown,California,74035,-64.466146,-67.7527895
Natalie Moore,26,3879 Hicks Mountain,South Alyssafort,Washington,39241,142.412363,55.110098
Marisa Mills,54,265 Lisa Keys,West Aaronton,Alabama,93645,-169.973873,-67.5389775
Monica Strong,19,201 Miller Lodge,Ianmouth,Indiana,14359,-101.069057,-84.5517335
Joseph Hanson,71,1761 Mccormick Course,Lake Michele,North Carolina,84847,106.231543,89.0608805
John Robinson,20,4070 Fisher Lights,Richardville,Kansas,73053,87.464097,-38.135707
Mary Schneider,19,0382 Peterson Plains,Port Ashley,Mississippi,69162,-93.896832,70.9978635
Tammy Chavez,45,56244 Mueller Springs,South Emily,Missouri,32490,-137.765849,65.2226625
Tara Dennis,39,33507 Love Walks,Bethfurt,Rhode Island,25926,-160.576422,60.259811
Alejandro Miller,32,2920 Joseph Junctions,West Monica,Kansas,98581,44.909073,-78.008985
Calvin Myers,38,17908 Melissa Plains,Josephhaven,Michigan,53789,99.156761,-70.303545
Michael Gutierrez,31,9324 Mcknight Dale,Mendozaton,California,63563,-114.623215,-59.578940
Andrew Winters,67,18687 Chad Extensions,Benjaminland,New York,10271,70.722946,63.5415375
Eugene Salas,28,63635 Long Lakes Apt. 329,Kristinabury,West Virginia,10865,-172.098835,-76.269480
Daniel Cortez,35,921 Bryant View,North Margaret,New Jersey,34127,-91.395289,41.7347475
Robert Lucero,32,00253 Nancy Island,Lake Kenneth,Oregon,11717,118.913351,44.0794305
Lisa Waters,78,3557 Smith Light Suite 397,North Brian,Florida,84002,84.321637,57.789191
Andrea Sutton,61,818 Henry Green Apt. 593,Port Christine,West Virginia,60715,-151.318621,86.0972335
Elaine Trujillo,29,4681 Anthony Manor Suite 901,Shelleyland,Maryland,19115,-120.975202,-88.279249
Phillip Forbes,67,850 Deanna Mills,East Erica,Connecticut,16255,102.127772,-66.616603
Karen Murillo,42,739 Kristina Rue Apt. 511,Mitchellchester,Idaho,71249,-100.017243,79.8337945
Rebecca Mullins,80,6962 Michele Lights Apt. 015,Angelaview,Colorado,83043,98.298885,57.4083915
Todd Jimenez,53,094 Kevin Meadow Apt. 050,Jeanneborough,South Carolina,91020,-113.365930,-68.845598
Melissa Sloan,65,3106 Perez Estate,North Kayla,Virginia,24907,126.311823,-1.6313055
David Nolan,25,792 Christine Shore,Port George,Tennessee,85959,-86.269076,-6.8338725
Amanda Fischer,75,4252 Hood Harbors,Billymouth,Texas,98135,-39.562997,75.122597
Brian Wilson,54,60256 Rodriguez Course Apt. 039,East Elizabethbury,Arizona,77588,-89.485858,16.3594475
Amber Garcia,31,8135 Davis Streets Suite 767,South Julieland,Texas,18377,9.992979,-17.293466
Daniel Perry,52,78693 Darryl Port,New Jodi,Alabama,70486,-107.867679,-11.816117
Rachel Jackson,49,33256 Cooper Manors,Lake Jeremy,Illinois,55715,-119.479601,69.0942235
Jaclyn Clark,28,212 Sharon Light Apt. 162,South Ronaldview,Alabama,11246,-141.080936,-79.386252
Kerry Kidd,68,694 Moore Field Apt. 617,Russomouth,Hawaii,97102,151.214030,-34.378418
Pamela Combs,67,148 Salazar Knolls Apt. 876,Davidberg,Arkansas,89055,121.420028,-68.852119
Leslie Jimenez,31,4829 Hernandez Circle,North Williamville,Wisconsin,01285,33.789536,-45.579106
Kathleen Hayden,49,95785 Harris Vista,Lake Megan,Delaware,28643,-33.373736,-50.673307
Jeremy Pearson,72,3653 Gonzalez Ville Suite 484,Andrewstad,Illinois,68934,-74.787013,44.781504
Kimberly Hubbard,35,5997 Douglas Spurs Suite 621,South Jacqueline,Georgia,76669,-15.969328,40.297113
Jason White,56,60748 Ramos Cove,West Drewton,New Hampshire,80573,-90.830448,6.6973525
Jason Smith,40,59282 Aguirre Harbor Apt. 825,South Christian,Arizona,05537,113.151370,29.5968375
Eric Murray,41,05455 Washington Hill,Washingtonfort,Rhode Island,20263,-157.769625,-34.226511
James Jackson,79,43752 Andrea Circles,North Mary,New Jersey,97428,-50.098635,50.0791975
Alan Garcia,57,530 Derek Ferry,Fullerside,Kansas,43045,44.580851,87.734295
Leslie Aguilar,45,163 Valentine Pines,West Sarah,Indiana,60052,61.707351,59.0830875
Nicholas Perry,49,7163 Brian Harbor,South Andreatown,Pennsylvania,39628,-4.735290,17.742121
Monica Adams,60,141 Brown Loaf Suite 234,New Joshua,Missouri,66757,-74.882510,54.2164575
Jennifer Rose,60,02319 Gallagher Stream Apt. 090,South Gail,Utah,81393,-72.972562,-75.859586
Jessica Carpenter,68,782 Stanley Common,Josechester,Oregon,13440,-20.566429,38.5096595
Andre Roy,32,48496 Friedman Junction Suite 938,New Christy,Virginia,88001,-110.197500,-11.0707915
Lisa May,64,323 Stephen Meadows Apt. 838,New Yolandashire,Maryland,17682,85.849717,-16.2702535
Hunter Patel,28,457 Bell Course Suite 752,East Marcberg,Arkansas,25727,41.084834,57.405844
Leslie Maynard,78,101 Lopez Shores,West Desireeport,Illinois,97412,-48.748243,44.801315
Ann Taylor,28,091 Wood Forest Apt. 648,East Johnbury,California,75200,-110.130408,7.288522
Alexandria Garrett,69,1621 Watkins Trafficway Suite 150,Kennethburgh,Maryland,98705,-48.482866,86.171799
Scott Harris,27,65316 James Spur Suite 046,New Jamiestad,Alabama,43541,134.941613,10.5317705
Maurice Ward,32,8229 James Island Suite 863,New Ann,Pennsylvania,75999,174.768318,36.993146
Sarah Kennedy,70,0756 Kevin Cape Suite 081,Crystalfort,New Jersey,84599,-127.478107,-17.7946485
Michael Flores,31,02931 Anthony View,Perkinsmouth,Hawaii,94412,46.957675,70.163300
Ralph Sutton,29,1761 Osborne Avenue Apt. 275,Michaelfort,Arkansas,78979,-133.768121,-13.386165
Lori Quinn,69,56174 Grant Cliff,East Elizabeth,Arkansas,65513,14.055992,68.2204705
Jennifer Roberts MD,30,99685 Lewis Mount,Davisfurt,South Dakota,41676,143.179366,-36.051431
Shannon Riley,27,566 James Expressway Suite 356,West Robertburgh,New York,68457,5.187984,42.7321885
Julie Butler,75,449 Nicole Crossing,Lake Caitlin,Kentucky,83167,-94.666020,2.385674
Mr. Ian Hall DDS,42,1024 Jones Square,Garciafort,Kentucky,81654,2.726329,-55.587971
Christopher Cooley,67,7246 Chambers Crossroad Apt. 268,New Markberg,Ohio,42756,-59.080892,-1.3253985
Traci Morales,29,721 Jacob Throughway Apt. 788,Campbellstad,Hawaii,26284,-11.018023,79.495330
Anthony Ryan,46,0707 Clayton Rest Apt. 384,North Rebecca,Connecticut,04347,63.079448,8.148458
Kimberly Williams,26,66673 Perkins Loop,South Sandrachester,Maryland,29201,-175.824182,-39.773623
Pamela Weaver,49,72312 Graves Mount,Millerberg,Oklahoma,41228,174.673047,39.6300775
Thomas Morales,67,492 Christopher Grove Apt. 806,Quinnhaven,Arizona,82468,100.059553,-73.6226885
Paul Davis,61,7356 Ochoa Wells,Jeffreyton,Wyoming,98900,-72.933327,63.349979
Michael Scott,44,535 David Road,Benjaminborough,Nevada,83595,-73.255912,-9.9975015
Brandon Smith,63,580 Robinson Lights Suite 768,Bowenborough,Arkansas,51348,-77.654633,-49.466820
Raven Hernandez,59,940 Sims Alley,Bowenborough,Indiana,16716,-178.633431,-47.4006995
Madison Bailey DDS,68,4078 Traci Plaza Suite 804,Port William,Alaska,41903,54.929594,22.601236
Sarah Murphy,53,96618 Williams Shores,Sanchezburgh,Minnesota,14063,-41.387826,38.496019
Mr. Robert Roth,63,11589 Madeline Meadows Apt. 785,North Davidview,Arizona,91464,-61.431697,19.390958
Casey Adkins,22,6289 Carrie Mountain,East Heather,Wisconsin,21984,-5.484382,10.5307235
Christine Powell,36,01910 Hill Skyway,Powellmouth,Minnesota,33578,46.192765,-76.942926
Kenneth Montgomery,37,7405 Tammie Lake,North Kevin,Kentucky,78652,-40.242729,-80.087226
Eddie Brennan,24,5414 Benjamin Turnpike Apt. 389,Lake David,South Dakota,31813,-137.121411,-51.8398905
Shannon Henderson,74,39613 Thomas Viaduct Suite 419,Montgomeryburgh,Texas,43000,-140.496554,-60.4978645
Elizabeth Caldwell,77,64587 Rebecca Stravenue,West Jimmybury,Maryland,53789,-96.110901,55.1901165
Timothy Schwartz,37,4765 Campbell Spurs,Thomaschester,Idaho,35334,143.042701,-74.1438015
Jennifer Reed,68,284 Cain Meadows,Wesleyport,California,16171,165.874063,-89.8319885
David Torres,72,300 Sarah Drives Apt. 785,Andrewfort,Montana,09021,61.509094,8.047581
Keith Russo,68,3139 Michael Creek,Danielberg,New Jersey,86864,45.921699,-16.480419
Lauren Smith,23,55173 Grant Forks Suite 980,Patrickborough,Minnesota,53517,-171.882849,58.0732925
Melissa Bush,31,1738 Lisa Avenue Apt. 948,Marybury,Wyoming,02419,134.004201,-55.602327
Laurie Ross,26,80310 Veronica Viaduct,Davestad,South Carolina,55917,94.130907,-85.1591765
Keith Anderson,45,0506 Moore Brook,West Michaelside,Michigan,34072,-71.900015,79.254363
Jesse Mendoza,33,558 Shelby Pass Suite 513,Jaredburgh,Colorado,35623,-116.394247,-69.649180
